<?xml version="1.0" encoding="UTF-8"?><rss version="2.0"
	xmlns:content="http://purl.org/rss/1.0/modules/content/"
	xmlns:wfw="http://wellformedweb.org/CommentAPI/"
	xmlns:dc="http://purl.org/dc/elements/1.1/"
	xmlns:atom="http://www.w3.org/2005/Atom"
	xmlns:sy="http://purl.org/rss/1.0/modules/syndication/"
	xmlns:slash="http://purl.org/rss/1.0/modules/slash/"
	>

<channel>
	<title>Notre actualité | EPJT</title>
	<atom:link href="/category/notre-actualite/feed/" rel="self" type="application/rss+xml" />
	<link>/</link>
	<description>École publique de journalisme de Tours</description>
	<lastBuildDate>Mon, 05 Feb 2024 16:15:37 +0000</lastBuildDate>
	<language>fr-FR</language>
	<sy:updatePeriod>
	hourly	</sy:updatePeriod>
	<sy:updateFrequency>
	1	</sy:updateFrequency>
	<generator>https://wordpress.org/?v=6.4.3</generator>

<image>
	<url>/wp-content/uploads/2017/12/cropped-Plan-de-travail-1@8x-32x32.png</url>
	<title>Notre actualité | EPJT</title>
	<link>/</link>
	<width>32</width>
	<height>32</height>
</image> 
	<item>
		<title>Samedi 17 février 2024 : venez visiter l’EPJT !</title>
		<link>/samedi-17-fevrier-2024-venez-visiter-lepjt/</link>
		
		<dc:creator><![CDATA[Laure Colmant]]></dc:creator>
		<pubDate>Mon, 29 Jan 2024 12:26:30 +0000</pubDate>
				<category><![CDATA[Notre actualité]]></category>
		<category><![CDATA[EPJT]]></category>
		<category><![CDATA[IUT Jean-Luthier]]></category>
		<category><![CDATA[Journée portes ouvertes]]></category>
		<category><![CDATA[JPO]]></category>
		<category><![CDATA[université de Tours]]></category>
		<guid isPermaLink="false">/?p=13118</guid>

					<description><![CDATA[<div><img width="300" height="200" src="/wp-content/uploads/2024/01/52953106351_3674c4a4c8_e-300x200.jpg" class="attachment-medium size-medium wp-post-image" alt="" style="margin-bottom: 15px;" decoding="async" fetchpriority="high" /></div>L'EPJT ouvre ses portes le samedi 17 février 2024. Étudiants et enseignants vous accueilleront sur place ou à distance. L'occasion de découvrir la formation initiale, le master de journalisme, mais aussi les offres de formation continue.]]></description>
		
		
		
			</item>
		<item>
		<title>Concours 2024 : intégrez le master de journalisme EPJT !</title>
		<link>/concours-2024-integrez-le-master-de-journalisme-epjt/</link>
		
		<dc:creator><![CDATA[Laure Colmant]]></dc:creator>
		<pubDate>Fri, 26 Jan 2024 09:49:54 +0000</pubDate>
				<category><![CDATA[Notre actualité]]></category>
		<category><![CDATA[cej]]></category>
		<category><![CDATA[concnours journalisme]]></category>
		<category><![CDATA[concours]]></category>
		<category><![CDATA[école de journalisme]]></category>
		<category><![CDATA[EPJT]]></category>
		<category><![CDATA[master]]></category>
		<category><![CDATA[université de Tours]]></category>
		<guid isPermaLink="false">/?p=12955</guid>

					<description><![CDATA[<div><img width="300" height="200" src="/wp-content/uploads/2023/11/52953106531_0b9a089776_e-300x200.jpg" class="attachment-medium size-medium wp-post-image" alt="" style="margin-bottom: 15px;" decoding="async" /></div>Intéressé(e)s par le journalisme télé, radio ou presse écrite print et web ? L’École publique de journalisme de Tours recrute sa future promotion d'étudiants en master de journalisme pour l'année universitaire 2024-2025. Pour candidater, rendez-vous sur la plateforme ConcoursJournalisme.fr, accessible du 10 janvier au 29 février 2024.]]></description>
		
		
		
			</item>
		<item>
		<title>A Valdahon, reportage de guerre en terrain militaire</title>
		<link>/a-valdahon-reportage-de-guerre-en-terrain-militaire/</link>
		
		<dc:creator><![CDATA[Laure Colmant]]></dc:creator>
		<pubDate>Thu, 25 Jan 2024 15:29:53 +0000</pubDate>
				<category><![CDATA[Notre actualité]]></category>
		<category><![CDATA[armée]]></category>
		<category><![CDATA[école militaire de Bourges]]></category>
		<category><![CDATA[entraînement]]></category>
		<guid isPermaLink="false">/?p=13083</guid>

					<description><![CDATA[<div><img width="300" height="200" src="/wp-content/uploads/2024/01/53480805185_3e2a1f0014_c-300x200.jpg" class="attachment-medium size-medium wp-post-image" alt="" style="margin-bottom: 15px;" decoding="async" loading="lazy" /></div>Dans le cadre d’un partenariat avec les Écoles militaires de Bourges, les étudiants en deuxième année de master de journalisme de l’EPJT ont intégré le camp d’entraînement de Valdahon.]]></description>
		
		
		
			</item>
		<item>
		<title>Certificat EMI : inscrivez-vous !</title>
		<link>/certificat-emi-inscrivez-vous/</link>
		
		<dc:creator><![CDATA[Laurent Bigot]]></dc:creator>
		<pubDate>Wed, 27 Dec 2023 07:00:39 +0000</pubDate>
				<category><![CDATA[Notre actualité]]></category>
		<category><![CDATA[certificat EMI]]></category>
		<category><![CDATA[EMI]]></category>
		<category><![CDATA[formation EPJT]]></category>
		<guid isPermaLink="false">/?p=12850</guid>

					<description><![CDATA[<div><img width="300" height="200" src="/wp-content/uploads/2023/08/52683629377_0d2ea6697c_c-300x200.jpg" class="attachment-medium size-medium wp-post-image" alt="" style="margin-bottom: 15px;" decoding="async" loading="lazy" /></div>Les inscriptions au certificat de compétences professionnelles (CCP) « Éduquer aux médias et à l'information » (EMI) restent ouvertes jusqu'au 31 janvier 2024. Cette formation est destinée aux journalistes, aux professionnels des médias, de l'enseignement ou de la documentation. ]]></description>
		
		
		
			</item>
		<item>
		<title>Hommage à Clémentine Vergnaud</title>
		<link>/lhommage-a-clementine-vergnaud/</link>
		
		<dc:creator><![CDATA[Laure Colmant]]></dc:creator>
		<pubDate>Sun, 24 Dec 2023 12:26:49 +0000</pubDate>
				<category><![CDATA[Les "alumni"]]></category>
		<category><![CDATA[Notre actualité]]></category>
		<category><![CDATA[Clémentine Vergnaud]]></category>
		<category><![CDATA[décès]]></category>
		<category><![CDATA[étudiante]]></category>
		<category><![CDATA[nécrologie]]></category>
		<guid isPermaLink="false">/?p=13023</guid>

					<description><![CDATA[<div><img width="300" height="200" src="/wp-content/uploads/2023/12/53417745481_1c2e1b87de_e-300x200.jpg" class="attachment-medium size-medium wp-post-image" alt="" style="margin-bottom: 15px;" decoding="async" loading="lazy" /></div>Samedi 23 décembre, nous avons appris la disparition de Clémentine Vergnaud qui fut étudiante à l'EPJT de 2012 à 2015. Cette nouvelle nous a laissés sans voix, avec une infinie tristesse au cœur.]]></description>
		
		
		
			</item>
		<item>
		<title>Une rédaction franco-roumaine à Bucarest</title>
		<link>/redaction-franco-roumaine-bucarest/</link>
		
		<dc:creator><![CDATA[Laure Colmant]]></dc:creator>
		<pubDate>Fri, 01 Dec 2023 07:00:00 +0000</pubDate>
				<category><![CDATA[Notre actualité]]></category>
		<category><![CDATA[Bucarest]]></category>
		<category><![CDATA[Théophraste]]></category>
		<guid isPermaLink="false">/?p=12900</guid>

					<description><![CDATA[<div><img width="300" height="225" src="/wp-content/uploads/2023/11/53351382573_b6d656fa8a_e-300x225.jpg" class="attachment-medium size-medium wp-post-image" alt="" style="margin-bottom: 15px;" decoding="async" loading="lazy" /></div>Un groupe de cinq étudiantes de l’EPJT ont réalisé plusieurs reportages multimédias conjointement avec leurs camarades de la Faculté de journalisme de Bucarest entre le 22 et le 26 novembre 2023, en partenariat avec Radio Romania.]]></description>
		
		
		
			</item>
		<item>
		<title>Nicolas Legendre, prix Albert-Londres 2023</title>
		<link>/nicolas-legendre-prix-albert-londres-2023/</link>
		
		<dc:creator><![CDATA[Laure Colmant]]></dc:creator>
		<pubDate>Tue, 28 Nov 2023 14:22:36 +0000</pubDate>
				<category><![CDATA[Notre actualité]]></category>
		<category><![CDATA[Bretagne]]></category>
		<category><![CDATA[Livre]]></category>
		<category><![CDATA[Nicolas Legendre]]></category>
		<category><![CDATA[Prix Albert-Londres 2023]]></category>
		<guid isPermaLink="false">/?p=12924</guid>

					<description><![CDATA[<div><img width="300" height="200" src="/wp-content/uploads/2023/11/prix-albert-londres-2023-022-00-01-55-16-6564e304d713e307629161-300x200.jpg" class="attachment-medium size-medium wp-post-image" alt="" style="margin-bottom: 15px;" decoding="async" loading="lazy" /></div>L'Ecole publique de journalisme de Tours félicite Nicolas Legendre, un de ses anciens étudiants, qui a remporté le prix Albert-Londres 2023 dans la catégorie Livre.]]></description>
		
		
		
			</item>
		<item>
		<title>Le nouveau Factoscope est en ligne</title>
		<link>/le-nouveau-factoscope-est-en-ligne/</link>
		
		<dc:creator><![CDATA[Laure Colmant]]></dc:creator>
		<pubDate>Thu, 28 Sep 2023 06:00:22 +0000</pubDate>
				<category><![CDATA[Notre actualité]]></category>
		<category><![CDATA[CFI Medias]]></category>
		<category><![CDATA[EPJT]]></category>
		<category><![CDATA[fact-checking]]></category>
		<category><![CDATA[Factoscope]]></category>
		<category><![CDATA[Nothing2Hide]]></category>
		<category><![CDATA[outils médias]]></category>
		<category><![CDATA[vérification]]></category>
		<guid isPermaLink="false">/?p=12878</guid>

					<description><![CDATA[<div><img width="300" height="225" src="/wp-content/uploads/2023/09/53217809208_049325e612_e-300x225.jpg" class="attachment-medium size-medium wp-post-image" alt="" style="margin-bottom: 15px;" decoding="async" loading="lazy" /></div>Factoscope.fr, le média de fact-checking de l’Ecole publique de journalisme de Tours (EPJT), lance une nouvelle version internationale francophone, avec des contenus et ressources de vérification et d’éducation aux médias et à l’information (EMI). En partenariat avec l’ONG Nothing2Hide et CFI Médias.]]></description>
		
		
		
			</item>
		<item>
		<title>L&#8217;EPJT et InterClass&#8217; au collège La Rabière</title>
		<link>/lepjt-et-interclass-a-la-rabiere/</link>
		
		<dc:creator><![CDATA[Laurent Bigot]]></dc:creator>
		<pubDate>Fri, 30 Jun 2023 14:30:31 +0000</pubDate>
				<category><![CDATA[Notre actualité]]></category>
		<category><![CDATA[EMI]]></category>
		<category><![CDATA[EPJT]]></category>
		<category><![CDATA[France-Inter]]></category>
		<category><![CDATA[Interclass]]></category>
		<category><![CDATA[Joué-lès-Tours]]></category>
		<category><![CDATA[La Rabière]]></category>
		<guid isPermaLink="false">/?p=12758</guid>

					<description><![CDATA[<div><img width="300" height="146" src="/wp-content/uploads/2023/06/College-300x146.jpg" class="attachment-medium size-medium wp-post-image" alt="" style="margin-bottom: 15px;" decoding="async" loading="lazy" /></div>Pendant toute l'année scolaire, Michel Dalloni, journaliste en résidence à l'EPJT, et des étudiants du master 2 ont accompagné des élèves de la 4e Segpa du collège La Rabière, à Joué-lès-Tours. Objectif : proposer à France-Inter des reportages pour l'émission estivale InterClass'. Diffusion du premier reportage : dimanche 2 juillet, à partir de 15h. ]]></description>
		
		
		
			</item>
		<item>
		<title>LE 12 mai, l&#8217;EPJT fête sa 3e promo de Master</title>
		<link>/le-12-mai-lepjt-fete-sa-3e-promo-de-master/</link>
		
		<dc:creator><![CDATA[Laure Colmant]]></dc:creator>
		<pubDate>Tue, 16 May 2023 16:56:52 +0000</pubDate>
				<category><![CDATA[Notre actualité]]></category>
		<category><![CDATA[diplôme]]></category>
		<category><![CDATA[EPJT]]></category>
		<category><![CDATA[promo 2020-2022]]></category>
		<guid isPermaLink="false">/?p=12716</guid>

					<description><![CDATA[<div><img width="300" height="183" src="/wp-content/uploads/2023/05/52901005935_4d1b452668_w-300x183.jpg" class="attachment-medium size-medium wp-post-image" alt="" style="margin-bottom: 15px;" decoding="async" loading="lazy" srcset="/wp-content/uploads/2023/05/52901005935_4d1b452668_w-300x183.jpg 300w, /wp-content/uploads/2023/05/52901005935_4d1b452668_w.jpg 399w" sizes="(max-width: 300px) 100vw, 300px" /></div>Le 12 mai, l'EPJT remettait leur diplôme aux étudiants de sa troisième promo de master. Un cérémonie qui s'est tenue à la mairie de Tours.]]></description>
		
		
		
			</item>
		<item>
		<title>Samedi 4 mars 2023, assistez aux portes ouvertes de l&#8217;EPJT</title>
		<link>/samedi-4-mars-2023-assistez-aux-portes-ouvertes-de-lepjt/</link>
		
		<dc:creator><![CDATA[Laurent Bigot]]></dc:creator>
		<pubDate>Sun, 12 Feb 2023 15:23:38 +0000</pubDate>
				<category><![CDATA[Notre actualité]]></category>
		<category><![CDATA[cej]]></category>
		<category><![CDATA[concours]]></category>
		<category><![CDATA[DU]]></category>
		<category><![CDATA[EMI]]></category>
		<category><![CDATA[EPJT]]></category>
		<category><![CDATA[étudiants]]></category>
		<category><![CDATA[master]]></category>
		<category><![CDATA[portes ouvertes]]></category>
		<guid isPermaLink="false">/?p=12663</guid>

					<description><![CDATA[<div><img width="300" height="200" src="/wp-content/uploads/2023/02/52684644433_693bb317a1_e-300x200.jpg" class="attachment-medium size-medium wp-post-image" alt="" style="margin-bottom: 15px;" decoding="async" loading="lazy" /></div>L'EPJT ouvre ses portes le samedi 4 mars 2023. Étudiants et enseignants vous accueilleront sur place ou à distance. L'occasion de découvrir la formation initiale, le master de journalisme, mais aussi les offres de formation continue.]]></description>
		
		
		
			</item>
		<item>
		<title>Master de Journalisme : ouverture du concours</title>
		<link>/master-de-journalisme-ouverture-du-concours/</link>
		
		<dc:creator><![CDATA[Laurent Bigot]]></dc:creator>
		<pubDate>Tue, 10 Jan 2023 08:00:42 +0000</pubDate>
				<category><![CDATA[Notre actualité]]></category>
		<category><![CDATA[candidats]]></category>
		<category><![CDATA[cej]]></category>
		<category><![CDATA[concours]]></category>
		<category><![CDATA[dossier]]></category>
		<category><![CDATA[EPJT]]></category>
		<category><![CDATA[journalisme]]></category>
		<category><![CDATA[master]]></category>
		<category><![CDATA[oral]]></category>
		<guid isPermaLink="false">/?p=12620</guid>

					<description><![CDATA[<div><img width="300" height="200" src="/wp-content/uploads/2023/01/51805596217_805eeea1a7_w-300x200.jpg" class="attachment-medium size-medium wp-post-image" alt="" style="margin-bottom: 15px;" decoding="async" loading="lazy" srcset="/wp-content/uploads/2023/01/51805596217_805eeea1a7_w-300x200.jpg 300w, /wp-content/uploads/2023/01/51805596217_805eeea1a7_w.jpg 400w" sizes="(max-width: 300px) 100vw, 300px" /></div>Vous souhaitez devenir journaliste ? L’École publique de journalisme de Tours recrute sa future promotion pour l'année universitaire 2023-2024.]]></description>
		
		
		
			</item>
		<item>
		<title>DU Web Multimédia : ouverture des inscriptions</title>
		<link>/du-journalisme-web-multimedia/</link>
		
		<dc:creator><![CDATA[Laurent Bigot]]></dc:creator>
		<pubDate>Sat, 15 Oct 2022 13:16:37 +0000</pubDate>
				<category><![CDATA[Notre actualité]]></category>
		<category><![CDATA[diplôme]]></category>
		<category><![CDATA[DU]]></category>
		<category><![CDATA[EPJT]]></category>
		<category><![CDATA[journalisme]]></category>
		<category><![CDATA[multimédia]]></category>
		<category><![CDATA[web]]></category>
		<guid isPermaLink="false">/?p=11998</guid>

					<description><![CDATA[<div><img width="300" height="200" src="/wp-content/uploads/2021/12/51807201142_0a7a1b832c_b-300x200.jpg" class="attachment-medium size-medium wp-post-image" alt="" style="margin-bottom: 15px;" decoding="async" loading="lazy" /></div>L’EPJT ouvre au printemps 2023 un nouveau diplôme universitaire (DU) de Journalisme Web Multimédia (5 à 12 places). Les candidatures et inscriptions sont à envoyer avant le 27 janvier 2023. ]]></description>
		
		
		
			</item>
		<item>
		<title>Laura Bannier reçoit le prix Megalizzi-Niedzielski</title>
		<link>/laura-bannier-recompensee-du-prix-megalizzi-niedzielski/</link>
		
		<dc:creator><![CDATA[Laure Colmant]]></dc:creator>
		<pubDate>Sat, 15 Oct 2022 13:14:26 +0000</pubDate>
				<category><![CDATA[Notre actualité]]></category>
		<category><![CDATA[europe]]></category>
		<category><![CDATA[journalisme]]></category>
		<category><![CDATA[Megalizzi-Niedzielski]]></category>
		<category><![CDATA[prix]]></category>
		<guid isPermaLink="false">/?p=12569</guid>

					<description><![CDATA[<div><img width="300" height="246" src="/wp-content/uploads/2022/10/52423731028_ea09df9041_o2-1-300x246.jpg" class="attachment-medium size-medium wp-post-image" alt="" style="margin-bottom: 15px;" decoding="async" loading="lazy" /></div>Un prix décerné chaque année par la Commission européenne à deux jeunes journalistes européens prometteurs.]]></description>
		
		
		
			</item>
		<item>
		<title>Décès de notre ancien étudiant Guillaume Sauzer</title>
		<link>/deces-de-notre-ancien-etudiant-guillaume-sauzer/</link>
		
		<dc:creator><![CDATA[Laure Colmant]]></dc:creator>
		<pubDate>Fri, 14 Oct 2022 16:03:41 +0000</pubDate>
				<category><![CDATA[Notre actualité]]></category>
		<guid isPermaLink="false">/?p=12536</guid>

					<description><![CDATA[<div><img width="300" height="200" src="/wp-content/uploads/2022/10/received_1291763888241453-300x200.jpeg" class="attachment-medium size-medium wp-post-image" alt="" style="margin-bottom: 15px;" decoding="async" loading="lazy" /></div>L'EPJT a appris avec tristesse le décès de son ancien étudiant, Guillaume Sauzer, survenu dans la nuit du samedi 8 au dimanche 9 2022, suite à un accident de moto]]></description>
		
		
		
			</item>
		<item>
		<title>Un journalisme à la hauteur de l’urgence écologique</title>
		<link>/charte-journalisme-urgence-ecologique/</link>
		
		<dc:creator><![CDATA[Laure Colmant]]></dc:creator>
		<pubDate>Mon, 19 Sep 2022 10:17:49 +0000</pubDate>
				<category><![CDATA[Notre actualité]]></category>
		<guid isPermaLink="false">/?p=12462</guid>

					<description><![CDATA[<div><img width="300" height="185" src="/wp-content/uploads/2022/09/Charte-urgence-ecologique-300x185.png" class="attachment-medium size-medium wp-post-image" alt="" style="margin-bottom: 15px;" decoding="async" loading="lazy" /></div>L’EPJT, ses étudiants et son équipe pédagogique, sont très sensibles aux problématiques liées aux enjeux climatiques. C'est pourquoi elle a été parmi les premières écoles à signer la charte pour un journalisme à la hauteur des enjeux climatiques. Un texte que nous reproduisons ici.]]></description>
		
		
		
			</item>
		<item>
		<title>Lucas Barioulet, prix Rémi Ochlik</title>
		<link>/lucas-barioulet-prix-remi-ochlik/</link>
		
		<dc:creator><![CDATA[Laure Colmant]]></dc:creator>
		<pubDate>Thu, 15 Sep 2022 11:43:36 +0000</pubDate>
				<category><![CDATA[Notre actualité]]></category>
		<category><![CDATA[étudiant]]></category>
		<category><![CDATA[photo]]></category>
		<category><![CDATA[prix]]></category>
		<category><![CDATA[Prix Remi Ochlik]]></category>
		<category><![CDATA[Visa pour l'image]]></category>
		<guid isPermaLink="false">/?p=12401</guid>

					<description><![CDATA[<div><img width="300" height="300" src="/wp-content/uploads/2022/09/51589353835_01c107a649_c-300x300.jpg" class="attachment-medium size-medium wp-post-image" alt="" style="margin-bottom: 15px;" decoding="async" loading="lazy" /></div>Notre ancien étudiant, Lucas Barioulet, a reçu le prix Remi-Ochlik de la ville de Perpignan 2022 pour sa série « Ukraine, la guerre au quotidien ». L’EPJT lui adresse ses félicitations]]></description>
		
		
		
			</item>
		<item>
		<title>Jour de rentrée à l’EPJT</title>
		<link>/jour-de-rentree-a-lepjt/</link>
		
		<dc:creator><![CDATA[Laure Colmant]]></dc:creator>
		<pubDate>Mon, 05 Sep 2022 14:40:04 +0000</pubDate>
				<category><![CDATA[Notre actualité]]></category>
		<guid isPermaLink="false">/?p=12376</guid>

					<description><![CDATA[<div><img width="300" height="169" src="/wp-content/uploads/2022/09/20220902_104831-300x169.jpg" class="attachment-medium size-medium wp-post-image" alt="" style="margin-bottom: 15px;" decoding="async" loading="lazy" /></div>Les étudiants de l’EPJT ont fait leur rentrée 2022. Les nouveaux, qui intègrent le master 1, ont pu découvrir les locaux de l’école le vendredi 2 septembre ; leurs camarades de master 2 les ont rejoints ce lundi 5 septembre.]]></description>
		
		
		
			</item>
		<item>
		<title>Décès de Jean-Baptiste Allemand</title>
		<link>/deces-jean-baptiste-allemand/</link>
		
		<dc:creator><![CDATA[Laure Colmant]]></dc:creator>
		<pubDate>Fri, 26 Aug 2022 10:15:09 +0000</pubDate>
				<category><![CDATA[Notre actualité]]></category>
		<guid isPermaLink="false">/?p=12335</guid>

					<description><![CDATA[<div><img width="300" height="294" src="/wp-content/uploads/2022/08/JBA_OK-300x294.jpg" class="attachment-medium size-medium wp-post-image" alt="" style="margin-bottom: 15px;" decoding="async" loading="lazy" srcset="/wp-content/uploads/2022/08/JBA_OK-300x294.jpg 300w, /wp-content/uploads/2022/08/JBA_OK.jpg 373w" sizes="(max-width: 300px) 100vw, 300px" /></div>L'EPJT a la tristesse d'apprendre le décès accidentel de son ancien étudiant, Jean-Baptiste Allemand, survenu lundi 19 août 2022. Jean-Baptiste avait 36 ans.]]></description>
		
		
		
			</item>
		<item>
		<title>Paul Boyer et Rémi Carton récompensés par le Natali Prize</title>
		<link>/paul-boyer-et-remi-carton-recompenses-par-le-natali-prize/</link>
		
		<dc:creator><![CDATA[Laure Colmant]]></dc:creator>
		<pubDate>Fri, 24 Jun 2022 15:51:30 +0000</pubDate>
				<category><![CDATA[Notre actualité]]></category>
		<category><![CDATA[europe]]></category>
		<category><![CDATA[Haïti]]></category>
		<category><![CDATA[journalisme]]></category>
		<category><![CDATA[NataliPrize]]></category>
		<category><![CDATA[prix]]></category>
		<category><![CDATA[récompense]]></category>
		<guid isPermaLink="false">/?p=12284</guid>

					<description><![CDATA[<div><img width="300" height="169" src="/wp-content/uploads/2022/06/52169885060_404b1e8639_e-300x169.jpg" class="attachment-medium size-medium wp-post-image" alt="" style="margin-bottom: 15px;" decoding="async" loading="lazy" /></div>A l'automne 2021, tout frais émoulus de l'école, ils partaient à Haïti pour y effectuer des reportages. Le 23 juin 2022, Paul et Rémi recevaient à Bruxelles le prix Lorenzo Natali dans la catégorie Prix du meilleur Journaliste émergent.]]></description>
		
		
		
			</item>
		<item>
		<title>Elles ont ramené la coupe à la maison</title>
		<link>/elles-ont-ramene-la-coupe-a-la-maison/</link>
		
		<dc:creator><![CDATA[Laure Colmant]]></dc:creator>
		<pubDate>Mon, 23 May 2022 13:01:51 +0000</pubDate>
				<category><![CDATA[Notre actualité]]></category>
		<category><![CDATA[EPJT FC]]></category>
		<category><![CDATA[foot]]></category>
		<category><![CDATA[footballeuses]]></category>
		<category><![CDATA[TFIEJ]]></category>
		<guid isPermaLink="false">/?p=12235</guid>

					<description><![CDATA[<div><img width="300" height="200" src="/wp-content/uploads/2022/05/52065725048_bc81ef78a1_e-300x200.jpg" class="attachment-medium size-medium wp-post-image" alt="" style="margin-bottom: 15px;" decoding="async" loading="lazy" /></div>Une nouvelle coupe et une étrange marte empaillée trônent à l’EPJT depuis quelques semaines. L’équipe féminine de l’Ecole publique de journalisme de Tours est revenue de Rennes, samedi 12 mars, avec le titre de championne du Tournoi inter écoles de journalisme 2022, organisé par l’IUT de Lannion.]]></description>
		
		
		<enclosure url="/wp-content/uploads/2022/05/52066193460_e45b7573b6_vm.mp4" length="3184525" type="video/mp4" />

			</item>
		<item>
		<title>Café Europa, informer dans l’urgence avec exigence</title>
		<link>/cafe-europa-2022-informer-dans-lurgence-mais-avec-exigence/</link>
		
		<dc:creator><![CDATA[Laure Colmant]]></dc:creator>
		<pubDate>Mon, 23 May 2022 09:00:29 +0000</pubDate>
				<category><![CDATA[Notre actualité]]></category>
		<category><![CDATA[Café Europa]]></category>
		<category><![CDATA[fact-cheking]]></category>
		<category><![CDATA[Institut français]]></category>
		<category><![CDATA[journalisme]]></category>
		<category><![CDATA[presse]]></category>
		<guid isPermaLink="false">/?p=12258</guid>

					<description><![CDATA[<div><img width="300" height="202" src="/wp-content/uploads/2022/05/51921621916_058cc492b1_w-300x202.jpg" class="attachment-medium size-medium wp-post-image" alt="" style="margin-bottom: 15px;" decoding="async" loading="lazy" srcset="/wp-content/uploads/2022/05/51921621916_058cc492b1_w-300x202.jpg 300w, /wp-content/uploads/2022/05/51921621916_058cc492b1_w.jpg 400w" sizes="(max-width: 300px) 100vw, 300px" /></div>Renouer la confiance entre le public et les journalistes, malgré l’abondance de fausses informations, voilà l’objectif du Café Europa qui s’est tenu à Tours, le 5 mars 2022. Une rencontre animée par des étudiants de l’EPJT et initiée par l’Institut français.]]></description>
		
		
		
			</item>
		<item>
		<title>Publication de l&#8217;enquête de nos étudiants au Liban</title>
		<link>/etudiants-reportage-liban/</link>
		
		<dc:creator><![CDATA[Laure Colmant]]></dc:creator>
		<pubDate>Wed, 06 Apr 2022 12:00:42 +0000</pubDate>
				<category><![CDATA[Notre actualité]]></category>
		<category><![CDATA[International]]></category>
		<category><![CDATA[liban]]></category>
		<category><![CDATA[voyage]]></category>
		<guid isPermaLink="false">/?p=12070</guid>

					<description><![CDATA[<div><img width="300" height="200" src="/wp-content/uploads/2022/01/51828111124_2050cf6211_o-300x200.jpg" class="attachment-medium size-medium wp-post-image" alt="" style="margin-bottom: 15px;" decoding="async" loading="lazy" /></div>Le 11 décembre 2021,cinq étudiants de l’EPJT se sont envolés pour le Liban. L’objectif : discuter, regarder, observer et (s’)interroger sur un pays en proie depuis de nombreuses années à une instabilité économique et sociale.]]></description>
		
		
		
			</item>
		<item>
		<title>Des étudiants initiés au reportage de guerre</title>
		<link>/des-etudiants-inities-au-reportage-de-guerre/</link>
		
		<dc:creator><![CDATA[Laure Colmant]]></dc:creator>
		<pubDate>Sun, 27 Mar 2022 13:54:53 +0000</pubDate>
				<category><![CDATA[Notre actualité]]></category>
		<guid isPermaLink="false">/?p=12196</guid>

					<description><![CDATA[<div><img width="300" height="200" src="/wp-content/uploads/2022/03/51962569090_b50b54f749_o-300x200.jpg" class="attachment-medium size-medium wp-post-image" alt="" style="margin-bottom: 15px;" decoding="async" loading="lazy" /></div>Dans le cadre d’un partenariat avec les Écoles militaires de Bourges, les étudiants en deuxième année de master de journalisme de l’EPJT ont intégré le camp d’entraînement de La Courtine. Leur mission : apprendre à traiter l’information face à des lieutenants en manœuvres.]]></description>
		
		
		
			</item>
		<item>
		<title>Candidatez au master de journalisme de l’EPJT !</title>
		<link>/concours2022-master-journalisme-epjt/</link>
		
		<dc:creator><![CDATA[Laurent Bigot]]></dc:creator>
		<pubDate>Sat, 26 Mar 2022 10:00:30 +0000</pubDate>
				<category><![CDATA[Notre actualité]]></category>
		<category><![CDATA[2022]]></category>
		<category><![CDATA[concours]]></category>
		<category><![CDATA[DU]]></category>
		<category><![CDATA[école]]></category>
		<category><![CDATA[EPJT]]></category>
		<category><![CDATA[journalisme]]></category>
		<category><![CDATA[master]]></category>
		<guid isPermaLink="false">/?p=12020</guid>

					<description><![CDATA[<div><img width="300" height="169" src="/wp-content/uploads/2022/01/51432945372_420de3153e_b-300x169.jpg" class="attachment-medium size-medium wp-post-image" alt="" style="margin-bottom: 15px;" decoding="async" loading="lazy" /></div>Les inscriptions au master de journalisme de l'EPJT sont ouvertes du 13 janvier au 31 mars 2022. On vous explique comment être candidat aux épreuves de sélection.]]></description>
		
		
		
			</item>
		<item>
		<title>Victor Dubois Carat et Marion Galard récompensés par l’Ajcam</title>
		<link>/victor-dubois-carat-et-marion-galard-recompenses-par-lajcam/</link>
		
		<dc:creator><![CDATA[Laure Colmant]]></dc:creator>
		<pubDate>Mon, 14 Mar 2022 23:01:48 +0000</pubDate>
				<category><![CDATA[Notre actualité]]></category>
		<guid isPermaLink="false">/?p=12171</guid>

					<description><![CDATA[<div><img width="300" height="291" src="/wp-content/uploads/2022/03/DSC_0265-300x291.jpg" class="attachment-medium size-medium wp-post-image" alt="" style="margin-bottom: 15px;" decoding="async" loading="lazy" /></div>Le 9 mars, l’Ajcam distribuait les prix de sa deuxième édition de Talents à la une, un concours, destiné aux étudiants en école de journalisme. L’EPJT a vu deux de ses étudiants couronnés.]]></description>
		
		
		
			</item>
		<item>
		<title>Venez débattre avec des journalistes sur le thème : Fake news et désinformation, les défis journalistiques, risques démocratiques</title>
		<link>/cafe-europa-debattre-avec-des-journalistes/</link>
		
		<dc:creator><![CDATA[Laure Colmant]]></dc:creator>
		<pubDate>Tue, 01 Mar 2022 18:26:58 +0000</pubDate>
				<category><![CDATA[Notre actualité]]></category>
		<category><![CDATA[Café Europa]]></category>
		<category><![CDATA[débat]]></category>
		<category><![CDATA[EPJT]]></category>
		<category><![CDATA[fake news]]></category>
		<category><![CDATA[Institu français]]></category>
		<category><![CDATA[journalisme]]></category>
		<guid isPermaLink="false">/?p=12121</guid>

					<description><![CDATA[<div><img width="300" height="206" src="/wp-content/uploads/2022/03/51912033331_5f4b34aa90_w-300x206.jpg" class="attachment-medium size-medium wp-post-image" alt="" style="margin-bottom: 15px;" decoding="async" loading="lazy" srcset="/wp-content/uploads/2022/03/51912033331_5f4b34aa90_w-300x206.jpg 300w, /wp-content/uploads/2022/03/51912033331_5f4b34aa90_w.jpg 400w" sizes="(max-width: 300px) 100vw, 300px" /></div>Le 5 mars, à Tours, un Café Europa se tiendra à Tours, au café de l'Univers, en lien avec l'Ecole publique de journalisme de Tours. Venez discuter avec des journalistes et des étudiants de l'école sur la liberté de la presse et son avenir.]]></description>
		
		
		
			</item>
		<item>
		<title>Samedi 29 janvier 2022, l&#8217;EPJT vous ouvre ses portes</title>
		<link>/29-janvier-lepjt-ouvre-ses-portes/</link>
		
		<dc:creator><![CDATA[Laurent Bigot]]></dc:creator>
		<pubDate>Mon, 03 Jan 2022 15:18:49 +0000</pubDate>
				<category><![CDATA[Notre actualité]]></category>
		<category><![CDATA[DU]]></category>
		<category><![CDATA[EPJT]]></category>
		<category><![CDATA[formations]]></category>
		<category><![CDATA[master]]></category>
		<category><![CDATA[portes ouvertes]]></category>
		<category><![CDATA[tours]]></category>
		<guid isPermaLink="false">/?p=11989</guid>

					<description><![CDATA[<div><img width="300" height="200" src="/wp-content/uploads/2014/01/WDK4703-300x200.jpg" class="attachment-medium size-medium wp-post-image" alt="" style="margin-bottom: 15px;" decoding="async" loading="lazy" srcset="/wp-content/uploads/2014/01/WDK4703-300x200.jpg 300w, /wp-content/uploads/2014/01/WDK4703-82x55.jpg 82w, /wp-content/uploads/2014/01/WDK4703-75x50.jpg 75w, /wp-content/uploads/2014/01/WDK4703.jpg 500w" sizes="(max-width: 300px) 100vw, 300px" /></div>L'occasion de découvrir les offres de formation de l'EPJT, le master de journalisme, le nouveau DU Journalisme Web Multimédia et les formations sur-mesure.]]></description>
		
		
		
			</item>
		<item>
		<title>Une résidence d’artiste contre la désinformation</title>
		<link>/une-residence-dartiste-contre-la-desinformation/</link>
		
		<dc:creator><![CDATA[Laure Colmant]]></dc:creator>
		<pubDate>Fri, 19 Nov 2021 11:36:57 +0000</pubDate>
				<category><![CDATA[Notre actualité]]></category>
		<category><![CDATA[artiste]]></category>
		<category><![CDATA[désinforation]]></category>
		<category><![CDATA[fact-checking]]></category>
		<category><![CDATA[fake news]]></category>
		<category><![CDATA[Julia Deck]]></category>
		<category><![CDATA[Prim]]></category>
		<category><![CDATA[résidence d'artiste]]></category>
		<category><![CDATA[université de Tours]]></category>
		<guid isPermaLink="false">/?p=11885</guid>

					<description><![CDATA[<div><img width="300" height="225" src="/wp-content/uploads/2021/11/51688637857_6c6d868e66_b-300x225.jpg" class="attachment-medium size-medium wp-post-image" alt="" style="margin-bottom: 15px;" decoding="async" loading="lazy" /></div>Le mercredi 24 novembre 2021, l’université de Tours organise une grande soirée de lancement de la résidence de la romancière Julia Deck. Avec elle, des enseignants-chercheurs évoqueront les enjeux de la désinformation. Un événement ouvert à tous et gratuit.]]></description>
		
		
		
			</item>
		<item>
		<title>Les Assises du journalisme, un projet EPJT</title>
		<link>/les-assises-du-journalisme-un-projet-epjt/</link>
		
		<dc:creator><![CDATA[Laure Colmant]]></dc:creator>
		<pubDate>Fri, 01 Oct 2021 07:59:27 +0000</pubDate>
				<category><![CDATA[Notre actualité]]></category>
		<category><![CDATA[Assises du journalisme]]></category>
		<guid isPermaLink="false">/?p=11841</guid>

					<description><![CDATA[<div><img width="300" height="200" src="/wp-content/uploads/2021/10/51539200079_386883518a_w-300x200.jpg" class="attachment-medium size-medium wp-post-image" alt="" style="margin-bottom: 15px;" decoding="async" loading="lazy" srcset="/wp-content/uploads/2021/10/51539200079_386883518a_w-300x200.jpg 300w, /wp-content/uploads/2021/10/51539200079_386883518a_w.jpg 400w" sizes="(max-width: 300px) 100vw, 300px" /></div>​L’EPJT est le principal média des Assises internationales du journalisme. Elle y réalise des publications print et web et contribue à la couverture de la manifestation sur Internet et les réseaux sociaux : un véritable projet pédagogique et professionnel, en conditions réelles.]]></description>
		
		
		
			</item>
		<item>
		<title>Remise du premier diplôme de master de l’EPJT</title>
		<link>/remise-du-premier-diplome-de-master-de-lepjt/</link>
		
		<dc:creator><![CDATA[Laure Colmant]]></dc:creator>
		<pubDate>Thu, 15 Jul 2021 08:00:07 +0000</pubDate>
				<category><![CDATA[Notre actualité]]></category>
		<category><![CDATA[cérémonie]]></category>
		<category><![CDATA[diplôme]]></category>
		<category><![CDATA[IUT Jean-Luthier]]></category>
		<category><![CDATA[mairie de Tours]]></category>
		<category><![CDATA[master]]></category>
		<category><![CDATA[université de Tours]]></category>
		<guid isPermaLink="false">/?p=11603</guid>

					<description><![CDATA[<div><img width="300" height="169" src="/wp-content/uploads/2021/05/20210521_172609-300x169.jpg" class="attachment-medium size-medium wp-post-image" alt="" style="margin-bottom: 15px;" decoding="async" loading="lazy" /></div>Notre école, qui forme au journalisme depuis 1968, vient de connaître un renouvellement inédit de ses diplômes. Depuis 2018, elle prépare en effet ses étudiants à un master. Et vendredi 21 juin, elle remettait ce diplôme à la toute première promotion]]></description>
		
		
		
			</item>
		<item>
		<title>Le temps d’un café</title>
		<link>/le-temps-dun-cafe/</link>
		
		<dc:creator><![CDATA[Laure Colmant]]></dc:creator>
		<pubDate>Fri, 09 Jul 2021 12:51:00 +0000</pubDate>
				<category><![CDATA[Notre actualité]]></category>
		<category><![CDATA[alimentation]]></category>
		<category><![CDATA[Exposition]]></category>
		<category><![CDATA[IEHCA]]></category>
		<category><![CDATA[multimédia]]></category>
		<category><![CDATA[photo]]></category>
		<category><![CDATA[podcast]]></category>
		<category><![CDATA[université de Tours]]></category>
		<guid isPermaLink="false">/?p=11753</guid>

					<description><![CDATA[<div><img width="300" height="200" src="/wp-content/uploads/2021/07/51297205719_9d48c1f689_w-300x200.jpg" class="attachment-medium size-medium wp-post-image" alt="" style="margin-bottom: 15px;" decoding="async" loading="lazy" srcset="/wp-content/uploads/2021/07/51297205719_9d48c1f689_w-300x200.jpg 300w, /wp-content/uploads/2021/07/51297205719_9d48c1f689_w.jpg 400w" sizes="(max-width: 300px) 100vw, 300px" /></div>L’Université de Tours et l'EPJT ont inauguré une exposition inédite qui mêle photos et podcasts sur des thèmes autour de l'alimentation. Elle est le résultat d’un parcours proposé aux étudiants de deuxième année de l’EPJT en partenariat avec le master Cultures et patrimoines de l'alimentation du CESR]]></description>
		
		
		
			</item>
		<item>
		<title>Les conférences de l’EPJT</title>
		<link>/les-conferences-de-lepjt/</link>
		
		<dc:creator><![CDATA[Laure Colmant]]></dc:creator>
		<pubDate>Wed, 30 Jun 2021 07:33:04 +0000</pubDate>
				<category><![CDATA[Notre actualité]]></category>
		<category><![CDATA[conférences]]></category>
		<category><![CDATA[EPJT]]></category>
		<guid isPermaLink="false">/?p=11693</guid>

					<description><![CDATA[<div><img width="300" height="166" src="/wp-content/uploads/2021/06/CAPTURE3_TR_EPJT_Eduquer_face_aux_fausses_infos_16fev2021-300x166.jpeg" class="attachment-medium size-medium wp-post-image" alt="" style="margin-bottom: 15px;" decoding="async" loading="lazy" /></div>Parcours pro « Cycle de conférences EPJT » : retour sur les invités et les thèmes de l’année 2020-2021]]></description>
		
		
		
			</item>
		<item>
		<title>Concours EPJT 2021 : les résultats d’admission</title>
		<link>/concours-epjt-2021-les-resultats-dadmission/</link>
		
		<dc:creator><![CDATA[Laurent Bigot]]></dc:creator>
		<pubDate>Fri, 25 Jun 2021 07:34:39 +0000</pubDate>
				<category><![CDATA[Notre actualité]]></category>
		<category><![CDATA[2021]]></category>
		<category><![CDATA[admissions]]></category>
		<category><![CDATA[candidats]]></category>
		<category><![CDATA[cej]]></category>
		<category><![CDATA[concours]]></category>
		<category><![CDATA[EPJT]]></category>
		<category><![CDATA[journalisme]]></category>
		<category><![CDATA[master]]></category>
		<category><![CDATA[tours]]></category>
		<guid isPermaLink="false">/?p=11671</guid>

					<description><![CDATA[<div><img width="300" height="146" src="/wp-content/uploads/2020/06/IUT-300x146.jpg" class="attachment-medium size-medium wp-post-image" alt="" style="margin-bottom: 15px;" decoding="async" loading="lazy" /></div>Cette année, 972 dossiers de candidature ont été déposés. Parmi eux 150 candidats ont été sélectionnés pour un entretien d'admission. Une liste principale de 36 candidats et une liste complémentaire de 40 ont résulté de trois semaines d'oraux. Félicitations aux étudiants admis !]]></description>
		
		
		
			</item>
		<item>
		<title>Les fake news en expo en partenariat avec l’EPJT</title>
		<link>/une-exposition-sur-les-fake-news-en-partenariat-avec-lepjt/</link>
		
		<dc:creator><![CDATA[Laure Colmant]]></dc:creator>
		<pubDate>Thu, 27 May 2021 17:12:36 +0000</pubDate>
				<category><![CDATA[Notre actualité]]></category>
		<guid isPermaLink="false">/?p=11640</guid>

					<description><![CDATA[<div><img width="300" height="212" src="/wp-content/uploads/2021/05/affiche_horiz_27mai-865x611-1-300x212.png" class="attachment-medium size-medium wp-post-image" alt="" style="margin-bottom: 15px;" decoding="async" loading="lazy" /></div>L'EPJT est heureuse d’annoncer l'ouverture de l'expo Fake News : art, fiction et mensonge à l'espace Fondation EDF. Une exposition à laquelle elle a été largement associée.]]></description>
		
		
		
			</item>
		<item>
		<title>Au revoir Louise !</title>
		<link>/au-revoir-louise/</link>
		
		<dc:creator><![CDATA[Laure Colmant]]></dc:creator>
		<pubDate>Thu, 22 Apr 2021 12:41:09 +0000</pubDate>
				<category><![CDATA[Notre actualité]]></category>
		<guid isPermaLink="false">/?p=11557</guid>

					<description><![CDATA[<div><img width="295" height="300" src="/wp-content/uploads/2021/04/46518398404_84aec915a6_c-3-295x300.jpg" class="attachment-medium size-medium wp-post-image" alt="" style="margin-bottom: 15px;" decoding="async" loading="lazy" /></div>L'EPJT a la tristesse d'apprendre le décès de son ancienne étudiante Louise Baliguet, survenu le lundi 19 avril 2021. Louise avait 24 ans. ]]></description>
		
		
		
			</item>
		<item>
		<title>Une résidence d’artiste sur les enjeux de la désinformation</title>
		<link>/une-residence-dartiste-sur-les-enjeux-de-la-desinformation/</link>
		
		<dc:creator><![CDATA[Laure Colmant]]></dc:creator>
		<pubDate>Fri, 16 Apr 2021 17:09:24 +0000</pubDate>
				<category><![CDATA[Notre actualité]]></category>
		<category><![CDATA[EPJT]]></category>
		<category><![CDATA[infocom]]></category>
		<category><![CDATA[journalisme]]></category>
		<category><![CDATA[Recherche]]></category>
		<category><![CDATA[résidence artiste]]></category>
		<category><![CDATA[université de Tours]]></category>
		<guid isPermaLink="false">/?p=11500</guid>

					<description><![CDATA[<div><img width="300" height="200" src="/wp-content/uploads/2014/01/WDK4579-300x200.jpg" class="attachment-medium size-medium wp-post-image" alt="" style="margin-bottom: 15px;" decoding="async" loading="lazy" srcset="/wp-content/uploads/2014/01/WDK4579-300x200.jpg 300w, /wp-content/uploads/2014/01/WDK4579-82x55.jpg 82w, /wp-content/uploads/2014/01/WDK4579-75x50.jpg 75w, /wp-content/uploads/2014/01/WDK4579.jpg 500w" sizes="(max-width: 300px) 100vw, 300px" /></div>Prim propose une résidence d'artiste pour l'année 2021-2022. Ce ou cette artiste interrogera les chercheurs dans leurs pratiques de recherche sur la désinformation et les fera évoluer dans leurs conceptions, leurs pratiques et leurs résultats.]]></description>
		
		
		
			</item>
		<item>
		<title>Les étudiants radio sur les grandes ondes</title>
		<link>/etudiants-radio-grandes-ondes/</link>
		
		<dc:creator><![CDATA[Laure Colmant]]></dc:creator>
		<pubDate>Wed, 24 Mar 2021 16:21:27 +0000</pubDate>
				<category><![CDATA[Notre actualité]]></category>
		<guid isPermaLink="false">/?p=11469</guid>

					<description><![CDATA[<div><img width="300" height="300" src="/wp-content/uploads/2021/03/RFI_logo_2013.svg_-300x300.png" class="attachment-medium size-medium wp-post-image" alt="" style="margin-bottom: 15px;" decoding="async" loading="lazy" /></div>L'EPJT a conclu un accord avec RFI pour réaliser du fact-checking à l'antenne. Les étudiants de 2e année réalisent une chronique de fact-checking pour l’émission « Les Dessous de l’infox » sous la houlette de Sophie Malibeaux, journaliste à RFI.]]></description>
		
		
		
			</item>
		<item>
		<title>Guillaume Marque remporte le prix Varenne du JRI international</title>
		<link>/guillaume-marque-remporte-le-prix-varennes-du-jri-international/</link>
		
		<dc:creator><![CDATA[Laure Colmant]]></dc:creator>
		<pubDate>Wed, 10 Mar 2021 00:37:36 +0000</pubDate>
				<category><![CDATA[Notre actualité]]></category>
		<category><![CDATA[Fondation Varennne]]></category>
		<category><![CDATA[JRI]]></category>
		<category><![CDATA[prix]]></category>
		<guid isPermaLink="false">/?p=11431</guid>

					<description><![CDATA[<div><img width="300" height="171" src="/wp-content/uploads/2021/03/Guillaume-Marque-300x171.png" class="attachment-medium size-medium wp-post-image" alt="" style="margin-bottom: 15px;" decoding="async" loading="lazy" /></div>Parmi les lauréats des prix de la Fondation Varenne 2020, notre ancien étudiant, Guillaume Marque. Il a été récompensé pour un très beau reportage « Mali, les sourires de l’espoir ». Félicitations à lui]]></description>
		
		
		<enclosure url="https://www.fondationvarenne.fr/wp-content/uploads/ninja-forms/17/Mali-les-sourires-de-lespoir.mp4" length="49600576" type="video/mp4" />

			</item>
		<item>
		<title>Portes ouvertes EPJT : conférence le 13 février 2021, 14 heures</title>
		<link>/portes-ouvertes-samedi-13-fevrier-2021/</link>
		
		<dc:creator><![CDATA[Laurent Bigot]]></dc:creator>
		<pubDate>Sat, 13 Feb 2021 06:00:14 +0000</pubDate>
				<category><![CDATA[Notre actualité]]></category>
		<category><![CDATA[ASJ]]></category>
		<category><![CDATA[EPJT]]></category>
		<category><![CDATA[IUT]]></category>
		<category><![CDATA[journalisme]]></category>
		<category><![CDATA[JPO]]></category>
		<category><![CDATA[licence professionnelle]]></category>
		<category><![CDATA[master]]></category>
		<category><![CDATA[Tanneurs]]></category>
		<category><![CDATA[tours]]></category>
		<guid isPermaLink="false">/?p=10834</guid>

					<description><![CDATA[<div><img width="300" height="200" src="/wp-content/uploads/2019/02/D00_6903-300x200.jpg" class="attachment-medium size-medium wp-post-image" alt="" style="margin-bottom: 15px;" decoding="async" loading="lazy" srcset="/wp-content/uploads/2019/02/D00_6903-300x200.jpg 300w, /wp-content/uploads/2019/02/D00_6903-1024x683.jpg 1024w, /wp-content/uploads/2019/02/D00_6903-1080x720.jpg 1080w, /wp-content/uploads/2019/02/D00_6903.jpg 1200w" sizes="(max-width: 300px) 100vw, 300px" /></div>L'occasion de découvrir les offres de formation de l'EPJT, le master de journalisme et les formations continues et sur-mesure.]]></description>
		
		
		
			</item>
		<item>
		<title>Aller-Retour revient sur les ondes de RCF</title>
		<link>/aller-retour-revient-sur-les-ondes-de-rcf/</link>
		
		<dc:creator><![CDATA[Laurent Bigot]]></dc:creator>
		<pubDate>Fri, 12 Feb 2021 08:57:03 +0000</pubDate>
				<category><![CDATA[Les productions]]></category>
		<category><![CDATA[Notre actualité]]></category>
		<category><![CDATA[aller-retour]]></category>
		<category><![CDATA[Bruzelier]]></category>
		<category><![CDATA[EPJT]]></category>
		<category><![CDATA[Halles]]></category>
		<category><![CDATA[rcf]]></category>
		<category><![CDATA[tours]]></category>
		<guid isPermaLink="false">/?p=11423</guid>

					<description><![CDATA[<div><img width="300" height="169" src="/wp-content/uploads/2021/02/IMG_20210125_144345-300x169.jpg" class="attachment-medium size-medium wp-post-image" alt="" style="margin-bottom: 15px;" decoding="async" loading="lazy" /></div>Aller-Retour revient sur les ondes de RCF, une fois par mois. Premier arrêt pour la nouvelle équipe des étudiants en spécialisation radio du master 2 de journalisme : les Halles de Tours.]]></description>
		
		
		
			</item>
		<item>
		<title>La VAE à l’EPJT</title>
		<link>/la-vae-a-lepjt/</link>
		
		<dc:creator><![CDATA[Laure Colmant]]></dc:creator>
		<pubDate>Wed, 16 Dec 2020 16:01:08 +0000</pubDate>
				<category><![CDATA[Notre actualité]]></category>
		<category><![CDATA[diplôme]]></category>
		<category><![CDATA[formation continue]]></category>
		<category><![CDATA[VAE]]></category>
		<guid isPermaLink="false">/?p=11374</guid>

					<description><![CDATA[<div><img width="300" height="154" src="/wp-content/uploads/2020/12/Capture-décran-2020-12-16-à-14.11.43-300x154.png" class="attachment-medium size-medium wp-post-image" alt="" style="margin-bottom: 15px;" decoding="async" loading="lazy" srcset="/wp-content/uploads/2020/12/Capture-décran-2020-12-16-à-14.11.43-300x154.png 300w, /wp-content/uploads/2020/12/Capture-décran-2020-12-16-à-14.11.43-1024x526.png 1024w, /wp-content/uploads/2020/12/Capture-décran-2020-12-16-à-14.11.43-1536x789.png 1536w, /wp-content/uploads/2020/12/Capture-décran-2020-12-16-à-14.11.43-1080x554.png 1080w, /wp-content/uploads/2020/12/Capture-décran-2020-12-16-à-14.11.43-1280x657.png 1280w, /wp-content/uploads/2020/12/Capture-décran-2020-12-16-à-14.11.43-980x503.png 980w, /wp-content/uploads/2020/12/Capture-décran-2020-12-16-à-14.11.43-480x246.png 480w, /wp-content/uploads/2020/12/Capture-décran-2020-12-16-à-14.11.43-e1608126825922.png 400w" sizes="(max-width: 300px) 100vw, 300px" /></div>Le master de journalisme de l'EPJT est accessible via la validation des acquis de l’expérience (VAE). Ainsi, les journalistes professionnels en CDI, en CDD ou pigistes, quel que soit leur âge, peuvent valider un bac+5.]]></description>
		
		
		
			</item>
		<item>
		<title>L’EPJT à l’heure américaine</title>
		<link>/lepjt-a-lheure-americaine/</link>
		
		<dc:creator><![CDATA[Laure Colmant]]></dc:creator>
		<pubDate>Fri, 23 Oct 2020 22:32:57 +0000</pubDate>
				<category><![CDATA[Notre actualité]]></category>
		<category><![CDATA[Zoom sur...]]></category>
		<category><![CDATA[élections]]></category>
		<category><![CDATA[Etats-Unis]]></category>
		<category><![CDATA[présidentielle]]></category>
		<category><![CDATA[webinaire]]></category>
		<guid isPermaLink="false">/?p=11317</guid>

					<description><![CDATA[<div><img width="300" height="185" src="/wp-content/uploads/2020/10/flag-1294654_1280-300x185.png" class="attachment-medium size-medium wp-post-image" alt="" style="margin-bottom: 15px;" decoding="async" loading="lazy" /></div>Dans moins de deux semaines, les Américains se rendront aux urnes pour désigner leur futur président ainsi que leurs représentants nationaux aux législatives. Les étudiants de l’EPJT ont eu la chance de suivre l'action sur le terrain, virtuellement du moins grâce à l'ambassade des Etats-Unis.]]></description>
		
		
		
			</item>
		<item>
		<title>Rentrée masquée à l’EPJT</title>
		<link>/rentree-masquee-a-lepjt/</link>
		
		<dc:creator><![CDATA[Laure Colmant]]></dc:creator>
		<pubDate>Wed, 02 Sep 2020 20:26:54 +0000</pubDate>
				<category><![CDATA[Notre actualité]]></category>
		<category><![CDATA[2020-2021]]></category>
		<category><![CDATA[conférence de rentrée]]></category>
		<category><![CDATA[EPJT]]></category>
		<category><![CDATA[rentrée universitaire]]></category>
		<guid isPermaLink="false">/?p=11290</guid>

					<description><![CDATA[<div><img width="300" height="225" src="/wp-content/uploads/2020/09/50298372373_d329e1f9fc_w-300x225.jpg" class="attachment-medium size-medium wp-post-image" alt="" style="margin-bottom: 15px;" decoding="async" loading="lazy" srcset="/wp-content/uploads/2020/09/50298372373_d329e1f9fc_w-300x225.jpg 300w, /wp-content/uploads/2020/09/50298372373_d329e1f9fc_w.jpg 400w" sizes="(max-width: 300px) 100vw, 300px" /></div>Le 2 septembre, l'équipe pédagogique de l'’EPJT a été heureuse d'accueillir la nouvelle promotion de Master.]]></description>
		
		
		
			</item>
		<item>
		<title>Admission à l’EPJT : les résultats</title>
		<link>/admission-a-lepjt-les-resultats/</link>
		
		<dc:creator><![CDATA[Laurent Bigot]]></dc:creator>
		<pubDate>Fri, 26 Jun 2020 12:47:53 +0000</pubDate>
				<category><![CDATA[Notre actualité]]></category>
		<category><![CDATA[2020]]></category>
		<category><![CDATA[admission]]></category>
		<category><![CDATA[concours]]></category>
		<category><![CDATA[EPJT]]></category>
		<category><![CDATA[résultats]]></category>
		<guid isPermaLink="false">/?p=11225</guid>

					<description><![CDATA[<div><img width="300" height="146" src="/wp-content/uploads/2020/06/IUT-300x146.jpg" class="attachment-medium size-medium wp-post-image" alt="" style="margin-bottom: 15px;" decoding="async" loading="lazy" /></div>Sur les 724 candidats au master de journalisme, 36 sont admis en liste principale et 40 en liste complémentaire.]]></description>
		
		
		
			</item>
		<item>
		<title>EPJT, une fin d’année mouvementée</title>
		<link>/epjt-une-fin-dannee-mouvementee/</link>
		
		<dc:creator><![CDATA[Laure Colmant]]></dc:creator>
		<pubDate>Mon, 22 Jun 2020 10:38:56 +0000</pubDate>
				<category><![CDATA[Notre actualité]]></category>
		<guid isPermaLink="false">/?p=11159</guid>

					<description><![CDATA[<div><img width="300" height="225" src="/wp-content/uploads/2020/06/AR_4143-Modifier-300x225.jpg" class="attachment-medium size-medium wp-post-image" alt="" style="margin-bottom: 15px;" decoding="async" loading="lazy" /></div>Comme toutes les écoles, la nôtre a été très perturbée par la crise sanitaire. Mais la fermeture des locaux n’a pas empêché les étudiants de s’investir ni de finir leurs travaux.]]></description>
		
		
		
			</item>
		<item>
		<title>Foire Aux Questions : toutes les réponses sur le concours 2020</title>
		<link>/faq/</link>
		
		<dc:creator><![CDATA[Laurent Bigot]]></dc:creator>
		<pubDate>Fri, 20 Mar 2020 08:43:06 +0000</pubDate>
				<category><![CDATA[Notre actualité]]></category>
		<category><![CDATA[concours]]></category>
		<category><![CDATA[EPJT]]></category>
		<category><![CDATA[FAQ]]></category>
		<guid isPermaLink="false">/?p=11145</guid>

					<description><![CDATA[<div><img width="300" height="199" src="/wp-content/uploads/2020/03/Harry-R.-Assises-300x199.jpg" class="attachment-medium size-medium wp-post-image" alt="" style="margin-bottom: 15px;" decoding="async" loading="lazy" /></div>Voici quelques rappels au sujet des questions que se posent fréquemment les candidats au concours d&#8217;entrée du master de journalisme de l&#8217;EPJT. Pour la plupart, elles trouvent aussi leur réponse dans la notice explicative mise en ligne sur le site www.epjt.cej.concours.online et téléchargeable ici.   Mon dossier sera-t-il étudié malgré les circonstances actuelles liées au [&#8230;]]]></description>
		
		
		
			</item>
		<item>
		<title>Information EPJT – Epidémie de Coronavirus</title>
		<link>/information-epjt-epidemie-de-coronavirus/</link>
		
		<dc:creator><![CDATA[Laure Colmant]]></dc:creator>
		<pubDate>Wed, 18 Mar 2020 15:41:03 +0000</pubDate>
				<category><![CDATA[Notre actualité]]></category>
		<guid isPermaLink="false">/?p=11125</guid>

					<description><![CDATA[<div><img width="300" height="131" src="/wp-content/uploads/2020/03/Coronavirus-300x131.jpg" class="attachment-medium size-medium wp-post-image" alt="" style="margin-bottom: 15px;" decoding="async" loading="lazy" /></div>Les locaux de l'Université de Tours et de l'Ecole publique de journalisme de Tours sont actuellement fermés et les lignes téléphoniques habituelles sont inopérantes. Toutefois, l’EPJT poursuit à distance ses activités pédagogiques et son processus de recrutement via le concours d'entrée.]]></description>
		
		
		
			</item>
		<item>
		<title>L’EPJT s’invite à l’Assemblée</title>
		<link>/lepjt-sinvite-a-lassemblee/</link>
		
		<dc:creator><![CDATA[Laure Colmant]]></dc:creator>
		<pubDate>Wed, 29 Jan 2020 22:57:13 +0000</pubDate>
				<category><![CDATA[Notre actualité]]></category>
		<category><![CDATA[EPJT]]></category>
		<category><![CDATA[LCP-AN]]></category>
		<category><![CDATA[Prix livre politique]]></category>
		<guid isPermaLink="false">/?p=11083</guid>

					<description><![CDATA[<div><img width="300" height="200" src="/wp-content/uploads/2020/01/Manon_Lydia-300x200.jpg" class="attachment-medium size-medium wp-post-image" alt="" style="margin-bottom: 15px;" decoding="async" loading="lazy" /></div>]]></description>
		
		
		
			</item>
		<item>
		<title>Deux intervenants de l’EPJT forment de futurs journalistes centrafricains</title>
		<link>/deux-intervenants-de-lepjt-forment-de-futurs-journalistes-centrafricains/</link>
		
		<dc:creator><![CDATA[Laure Colmant]]></dc:creator>
		<pubDate>Thu, 26 Dec 2019 01:01:49 +0000</pubDate>
				<category><![CDATA[Notre actualité]]></category>
		<category><![CDATA[Zoom sur...]]></category>
		<guid isPermaLink="false">/?p=11047</guid>

					<description><![CDATA[<div><img width="300" height="213" src="/wp-content/uploads/2019/12/Dimitri-300x213.jpg" class="attachment-medium size-medium wp-post-image" alt="" style="margin-bottom: 15px;" decoding="async" loading="lazy" /></div>Après l’accueil de quatre étudiants centrafricains en master, l’EPJT poursuit son action de coopération avec l’ambassade de France et le département information et communication de la faculté de lettres de Bangui. Une trentaine d’étudiants de L2 et une vingtaine d’étudiants de L3 ont ainsi bénéficié d’un renforcement de leurs connaissances en presse écrite et en [&#8230;]]]></description>
		
		
		
			</item>
	</channel>
</rss>
