<?xml version="1.0" encoding="UTF-8"?><rss version="2.0"
	xmlns:content="http://purl.org/rss/1.0/modules/content/"
	xmlns:dc="http://purl.org/dc/elements/1.1/"
	xmlns:atom="http://www.w3.org/2005/Atom"
	xmlns:sy="http://purl.org/rss/1.0/modules/syndication/"
	
	>
<channel>
	<title>
	Commentaires sur : tracteurs mairie	</title>
	<atom:link href="/kaleidoscope-n1-la-colere-des-agriculteurs/tracteurs-mairie/feed/" rel="self" type="application/rss+xml" />
	<link>/kaleidoscope-n1-la-colere-des-agriculteurs/tracteurs-mairie/</link>
	<description>École publique de journalisme de Tours</description>
	<lastBuildDate>Sun, 09 Nov 2014 17:18:04 +0000</lastBuildDate>
	<sy:updatePeriod>
	hourly	</sy:updatePeriod>
	<sy:updateFrequency>
	1	</sy:updateFrequency>
	<generator>https://wordpress.org/?v=6.4.3</generator>
</channel>
</rss>
