<?xml version="1.0" encoding="UTF-8"?><rss version="2.0"
	xmlns:content="http://purl.org/rss/1.0/modules/content/"
	xmlns:wfw="http://wellformedweb.org/CommentAPI/"
	xmlns:dc="http://purl.org/dc/elements/1.1/"
	xmlns:atom="http://www.w3.org/2005/Atom"
	xmlns:sy="http://purl.org/rss/1.0/modules/syndication/"
	xmlns:slash="http://purl.org/rss/1.0/modules/slash/"
	>

<channel>
	<title>Laurent Bigot | EPJT</title>
	<atom:link href="/author/admin3-lbigot/feed/" rel="self" type="application/rss+xml" />
	<link>/</link>
	<description>École publique de journalisme de Tours</description>
	<lastBuildDate>Thu, 04 Jan 2024 17:19:29 +0000</lastBuildDate>
	<language>fr-FR</language>
	<sy:updatePeriod>
	hourly	</sy:updatePeriod>
	<sy:updateFrequency>
	1	</sy:updateFrequency>
	<generator>https://wordpress.org/?v=6.4.3</generator>

<image>
	<url>/wp-content/uploads/2017/12/cropped-Plan-de-travail-1@8x-32x32.png</url>
	<title>Laurent Bigot | EPJT</title>
	<link>/</link>
	<width>32</width>
	<height>32</height>
</image> 
	<item>
		<title>Certificat EMI : inscrivez-vous !</title>
		<link>/certificat-emi-inscrivez-vous/</link>
		
		<dc:creator><![CDATA[Laurent Bigot]]></dc:creator>
		<pubDate>Wed, 27 Dec 2023 07:00:39 +0000</pubDate>
				<category><![CDATA[Notre actualité]]></category>
		<category><![CDATA[certificat EMI]]></category>
		<category><![CDATA[EMI]]></category>
		<category><![CDATA[formation EPJT]]></category>
		<guid isPermaLink="false">/?p=12850</guid>

					<description><![CDATA[<div><img width="300" height="200" src="/wp-content/uploads/2023/08/52683629377_0d2ea6697c_c-300x200.jpg" class="attachment-medium size-medium wp-post-image" alt="" style="margin-bottom: 15px;" decoding="async" fetchpriority="high" /></div>Les inscriptions au certificat de compétences professionnelles (CCP) « Éduquer aux médias et à l'information » (EMI) restent ouvertes jusqu'au 31 janvier 2024. Cette formation est destinée aux journalistes, aux professionnels des médias, de l'enseignement ou de la documentation. ]]></description>
		
		
		
			</item>
		<item>
		<title>L&#8217;EPJT et InterClass&#8217; au collège La Rabière</title>
		<link>/lepjt-et-interclass-a-la-rabiere/</link>
		
		<dc:creator><![CDATA[Laurent Bigot]]></dc:creator>
		<pubDate>Fri, 30 Jun 2023 14:30:31 +0000</pubDate>
				<category><![CDATA[Notre actualité]]></category>
		<category><![CDATA[EMI]]></category>
		<category><![CDATA[EPJT]]></category>
		<category><![CDATA[France-Inter]]></category>
		<category><![CDATA[Interclass]]></category>
		<category><![CDATA[Joué-lès-Tours]]></category>
		<category><![CDATA[La Rabière]]></category>
		<guid isPermaLink="false">/?p=12758</guid>

					<description><![CDATA[<div><img width="300" height="146" src="/wp-content/uploads/2023/06/College-300x146.jpg" class="attachment-medium size-medium wp-post-image" alt="" style="margin-bottom: 15px;" decoding="async" /></div>Pendant toute l'année scolaire, Michel Dalloni, journaliste en résidence à l'EPJT, et des étudiants du master 2 ont accompagné des élèves de la 4e Segpa du collège La Rabière, à Joué-lès-Tours. Objectif : proposer à France-Inter des reportages pour l'émission estivale InterClass'. Diffusion du premier reportage : dimanche 2 juillet, à partir de 15h. ]]></description>
		
		
		
			</item>
		<item>
		<title>Samedi 4 mars 2023, assistez aux portes ouvertes de l&#8217;EPJT</title>
		<link>/samedi-4-mars-2023-assistez-aux-portes-ouvertes-de-lepjt/</link>
		
		<dc:creator><![CDATA[Laurent Bigot]]></dc:creator>
		<pubDate>Sun, 12 Feb 2023 15:23:38 +0000</pubDate>
				<category><![CDATA[Notre actualité]]></category>
		<category><![CDATA[cej]]></category>
		<category><![CDATA[concours]]></category>
		<category><![CDATA[DU]]></category>
		<category><![CDATA[EMI]]></category>
		<category><![CDATA[EPJT]]></category>
		<category><![CDATA[étudiants]]></category>
		<category><![CDATA[master]]></category>
		<category><![CDATA[portes ouvertes]]></category>
		<guid isPermaLink="false">/?p=12663</guid>

					<description><![CDATA[<div><img width="300" height="200" src="/wp-content/uploads/2023/02/52684644433_693bb317a1_e-300x200.jpg" class="attachment-medium size-medium wp-post-image" alt="" style="margin-bottom: 15px;" decoding="async" /></div>L'EPJT ouvre ses portes le samedi 4 mars 2023. Étudiants et enseignants vous accueilleront sur place ou à distance. L'occasion de découvrir la formation initiale, le master de journalisme, mais aussi les offres de formation continue.]]></description>
		
		
		
			</item>
		<item>
		<title>Master de Journalisme : ouverture du concours</title>
		<link>/master-de-journalisme-ouverture-du-concours/</link>
		
		<dc:creator><![CDATA[Laurent Bigot]]></dc:creator>
		<pubDate>Tue, 10 Jan 2023 08:00:42 +0000</pubDate>
				<category><![CDATA[Notre actualité]]></category>
		<category><![CDATA[candidats]]></category>
		<category><![CDATA[cej]]></category>
		<category><![CDATA[concours]]></category>
		<category><![CDATA[dossier]]></category>
		<category><![CDATA[EPJT]]></category>
		<category><![CDATA[journalisme]]></category>
		<category><![CDATA[master]]></category>
		<category><![CDATA[oral]]></category>
		<guid isPermaLink="false">/?p=12620</guid>

					<description><![CDATA[<div><img width="300" height="200" src="/wp-content/uploads/2023/01/51805596217_805eeea1a7_w-300x200.jpg" class="attachment-medium size-medium wp-post-image" alt="" style="margin-bottom: 15px;" decoding="async" loading="lazy" srcset="/wp-content/uploads/2023/01/51805596217_805eeea1a7_w-300x200.jpg 300w, /wp-content/uploads/2023/01/51805596217_805eeea1a7_w.jpg 400w" sizes="(max-width: 300px) 100vw, 300px" /></div>Vous souhaitez devenir journaliste ? L’École publique de journalisme de Tours recrute sa future promotion pour l'année universitaire 2023-2024.]]></description>
		
		
		
			</item>
		<item>
		<title>DU Web Multimédia : ouverture des inscriptions</title>
		<link>/du-journalisme-web-multimedia/</link>
		
		<dc:creator><![CDATA[Laurent Bigot]]></dc:creator>
		<pubDate>Sat, 15 Oct 2022 13:16:37 +0000</pubDate>
				<category><![CDATA[Notre actualité]]></category>
		<category><![CDATA[diplôme]]></category>
		<category><![CDATA[DU]]></category>
		<category><![CDATA[EPJT]]></category>
		<category><![CDATA[journalisme]]></category>
		<category><![CDATA[multimédia]]></category>
		<category><![CDATA[web]]></category>
		<guid isPermaLink="false">/?p=11998</guid>

					<description><![CDATA[<div><img width="300" height="200" src="/wp-content/uploads/2021/12/51807201142_0a7a1b832c_b-300x200.jpg" class="attachment-medium size-medium wp-post-image" alt="" style="margin-bottom: 15px;" decoding="async" loading="lazy" /></div>L’EPJT ouvre au printemps 2023 un nouveau diplôme universitaire (DU) de Journalisme Web Multimédia (5 à 12 places). Les candidatures et inscriptions sont à envoyer avant le 27 janvier 2023. ]]></description>
		
		
		
			</item>
		<item>
		<title>Candidatez au master de journalisme de l’EPJT !</title>
		<link>/concours2022-master-journalisme-epjt/</link>
		
		<dc:creator><![CDATA[Laurent Bigot]]></dc:creator>
		<pubDate>Sat, 26 Mar 2022 10:00:30 +0000</pubDate>
				<category><![CDATA[Notre actualité]]></category>
		<category><![CDATA[2022]]></category>
		<category><![CDATA[concours]]></category>
		<category><![CDATA[DU]]></category>
		<category><![CDATA[école]]></category>
		<category><![CDATA[EPJT]]></category>
		<category><![CDATA[journalisme]]></category>
		<category><![CDATA[master]]></category>
		<guid isPermaLink="false">/?p=12020</guid>

					<description><![CDATA[<div><img width="300" height="169" src="/wp-content/uploads/2022/01/51432945372_420de3153e_b-300x169.jpg" class="attachment-medium size-medium wp-post-image" alt="" style="margin-bottom: 15px;" decoding="async" loading="lazy" /></div>Les inscriptions au master de journalisme de l'EPJT sont ouvertes du 13 janvier au 31 mars 2022. On vous explique comment être candidat aux épreuves de sélection.]]></description>
		
		
		
			</item>
		<item>
		<title>Samedi 29 janvier 2022, l&#8217;EPJT vous ouvre ses portes</title>
		<link>/29-janvier-lepjt-ouvre-ses-portes/</link>
		
		<dc:creator><![CDATA[Laurent Bigot]]></dc:creator>
		<pubDate>Mon, 03 Jan 2022 15:18:49 +0000</pubDate>
				<category><![CDATA[Notre actualité]]></category>
		<category><![CDATA[DU]]></category>
		<category><![CDATA[EPJT]]></category>
		<category><![CDATA[formations]]></category>
		<category><![CDATA[master]]></category>
		<category><![CDATA[portes ouvertes]]></category>
		<category><![CDATA[tours]]></category>
		<guid isPermaLink="false">/?p=11989</guid>

					<description><![CDATA[<div><img width="300" height="200" src="/wp-content/uploads/2014/01/WDK4703-300x200.jpg" class="attachment-medium size-medium wp-post-image" alt="" style="margin-bottom: 15px;" decoding="async" loading="lazy" srcset="/wp-content/uploads/2014/01/WDK4703-300x200.jpg 300w, /wp-content/uploads/2014/01/WDK4703-82x55.jpg 82w, /wp-content/uploads/2014/01/WDK4703-75x50.jpg 75w, /wp-content/uploads/2014/01/WDK4703.jpg 500w" sizes="(max-width: 300px) 100vw, 300px" /></div>L'occasion de découvrir les offres de formation de l'EPJT, le master de journalisme, le nouveau DU Journalisme Web Multimédia et les formations sur-mesure.]]></description>
		
		
		
			</item>
		<item>
		<title>Concours EPJT 2021 : les résultats d’admission</title>
		<link>/concours-epjt-2021-les-resultats-dadmission/</link>
		
		<dc:creator><![CDATA[Laurent Bigot]]></dc:creator>
		<pubDate>Fri, 25 Jun 2021 07:34:39 +0000</pubDate>
				<category><![CDATA[Notre actualité]]></category>
		<category><![CDATA[2021]]></category>
		<category><![CDATA[admissions]]></category>
		<category><![CDATA[candidats]]></category>
		<category><![CDATA[cej]]></category>
		<category><![CDATA[concours]]></category>
		<category><![CDATA[EPJT]]></category>
		<category><![CDATA[journalisme]]></category>
		<category><![CDATA[master]]></category>
		<category><![CDATA[tours]]></category>
		<guid isPermaLink="false">/?p=11671</guid>

					<description><![CDATA[<div><img width="300" height="146" src="/wp-content/uploads/2020/06/IUT-300x146.jpg" class="attachment-medium size-medium wp-post-image" alt="" style="margin-bottom: 15px;" decoding="async" loading="lazy" /></div>Cette année, 972 dossiers de candidature ont été déposés. Parmi eux 150 candidats ont été sélectionnés pour un entretien d'admission. Une liste principale de 36 candidats et une liste complémentaire de 40 ont résulté de trois semaines d'oraux. Félicitations aux étudiants admis !]]></description>
		
		
		
			</item>
		<item>
		<title>Portes ouvertes EPJT : conférence le 13 février 2021, 14 heures</title>
		<link>/portes-ouvertes-samedi-13-fevrier-2021/</link>
		
		<dc:creator><![CDATA[Laurent Bigot]]></dc:creator>
		<pubDate>Sat, 13 Feb 2021 06:00:14 +0000</pubDate>
				<category><![CDATA[Notre actualité]]></category>
		<category><![CDATA[ASJ]]></category>
		<category><![CDATA[EPJT]]></category>
		<category><![CDATA[IUT]]></category>
		<category><![CDATA[journalisme]]></category>
		<category><![CDATA[JPO]]></category>
		<category><![CDATA[licence professionnelle]]></category>
		<category><![CDATA[master]]></category>
		<category><![CDATA[Tanneurs]]></category>
		<category><![CDATA[tours]]></category>
		<guid isPermaLink="false">/?p=10834</guid>

					<description><![CDATA[<div><img width="300" height="200" src="/wp-content/uploads/2019/02/D00_6903-300x200.jpg" class="attachment-medium size-medium wp-post-image" alt="" style="margin-bottom: 15px;" decoding="async" loading="lazy" srcset="/wp-content/uploads/2019/02/D00_6903-300x200.jpg 300w, /wp-content/uploads/2019/02/D00_6903-1024x683.jpg 1024w, /wp-content/uploads/2019/02/D00_6903-1080x720.jpg 1080w, /wp-content/uploads/2019/02/D00_6903.jpg 1200w" sizes="(max-width: 300px) 100vw, 300px" /></div>L'occasion de découvrir les offres de formation de l'EPJT, le master de journalisme et les formations continues et sur-mesure.]]></description>
		
		
		
			</item>
		<item>
		<title>Aller-Retour revient sur les ondes de RCF</title>
		<link>/aller-retour-revient-sur-les-ondes-de-rcf/</link>
		
		<dc:creator><![CDATA[Laurent Bigot]]></dc:creator>
		<pubDate>Fri, 12 Feb 2021 08:57:03 +0000</pubDate>
				<category><![CDATA[Les productions]]></category>
		<category><![CDATA[Notre actualité]]></category>
		<category><![CDATA[aller-retour]]></category>
		<category><![CDATA[Bruzelier]]></category>
		<category><![CDATA[EPJT]]></category>
		<category><![CDATA[Halles]]></category>
		<category><![CDATA[rcf]]></category>
		<category><![CDATA[tours]]></category>
		<guid isPermaLink="false">/?p=11423</guid>

					<description><![CDATA[<div><img width="300" height="169" src="/wp-content/uploads/2021/02/IMG_20210125_144345-300x169.jpg" class="attachment-medium size-medium wp-post-image" alt="" style="margin-bottom: 15px;" decoding="async" loading="lazy" /></div>Aller-Retour revient sur les ondes de RCF, une fois par mois. Premier arrêt pour la nouvelle équipe des étudiants en spécialisation radio du master 2 de journalisme : les Halles de Tours.]]></description>
		
		
		
			</item>
		<item>
		<title>Admission à l’EPJT : les résultats</title>
		<link>/admission-a-lepjt-les-resultats/</link>
		
		<dc:creator><![CDATA[Laurent Bigot]]></dc:creator>
		<pubDate>Fri, 26 Jun 2020 12:47:53 +0000</pubDate>
				<category><![CDATA[Notre actualité]]></category>
		<category><![CDATA[2020]]></category>
		<category><![CDATA[admission]]></category>
		<category><![CDATA[concours]]></category>
		<category><![CDATA[EPJT]]></category>
		<category><![CDATA[résultats]]></category>
		<guid isPermaLink="false">/?p=11225</guid>

					<description><![CDATA[<div><img width="300" height="146" src="/wp-content/uploads/2020/06/IUT-300x146.jpg" class="attachment-medium size-medium wp-post-image" alt="" style="margin-bottom: 15px;" decoding="async" loading="lazy" /></div>Sur les 724 candidats au master de journalisme, 36 sont admis en liste principale et 40 en liste complémentaire.]]></description>
		
		
		
			</item>
		<item>
		<title>Foire Aux Questions : toutes les réponses sur le concours 2020</title>
		<link>/faq/</link>
		
		<dc:creator><![CDATA[Laurent Bigot]]></dc:creator>
		<pubDate>Fri, 20 Mar 2020 08:43:06 +0000</pubDate>
				<category><![CDATA[Notre actualité]]></category>
		<category><![CDATA[concours]]></category>
		<category><![CDATA[EPJT]]></category>
		<category><![CDATA[FAQ]]></category>
		<guid isPermaLink="false">/?p=11145</guid>

					<description><![CDATA[<div><img width="300" height="199" src="/wp-content/uploads/2020/03/Harry-R.-Assises-300x199.jpg" class="attachment-medium size-medium wp-post-image" alt="" style="margin-bottom: 15px;" decoding="async" loading="lazy" /></div>Voici quelques rappels au sujet des questions que se posent fréquemment les candidats au concours d&#8217;entrée du master de journalisme de l&#8217;EPJT. Pour la plupart, elles trouvent aussi leur réponse dans la notice explicative mise en ligne sur le site www.epjt.cej.concours.online et téléchargeable ici.   Mon dossier sera-t-il étudié malgré les circonstances actuelles liées au [&#8230;]]]></description>
		
		
		
			</item>
		<item>
		<title>Valentin Jamin lauréat de la bourse Marc van Moere de RMC Sports</title>
		<link>/valentin-jamin-laureat-de-la-bourse-marc-van-moere-de-rmc-sports/</link>
		
		<dc:creator><![CDATA[Laurent Bigot]]></dc:creator>
		<pubDate>Fri, 05 Apr 2019 14:52:44 +0000</pubDate>
				<category><![CDATA[Notre actualité]]></category>
		<category><![CDATA[EPJT]]></category>
		<category><![CDATA[Jamin]]></category>
		<category><![CDATA[marc van moere]]></category>
		<category><![CDATA[rmc]]></category>
		<category><![CDATA[sports]]></category>
		<guid isPermaLink="false">/?p=11000</guid>

					<description><![CDATA[<div><img width="300" height="200" src="/wp-content/uploads/2019/04/Jamin-300x200.jpg" class="attachment-medium size-medium wp-post-image" alt="" style="margin-bottom: 15px;" decoding="async" loading="lazy" srcset="/wp-content/uploads/2019/04/Jamin-300x200.jpg 300w, /wp-content/uploads/2019/04/Jamin-1024x683.jpg 1024w, /wp-content/uploads/2019/04/Jamin-1080x720.jpg 1080w, /wp-content/uploads/2019/04/Jamin.jpg 1200w" sizes="(max-width: 300px) 100vw, 300px" /></div>Valentin Jamin s'est adjugé les votes du jury de la bourse Marc van Moere 2019. Un contrat de trois mois à la rédaction des sports de RMC l'attend.]]></description>
		
		
		
			</item>
		<item>
		<title>Thomas Dullin lauréat de la bourse Jean-Baptiste Dumas de RTL</title>
		<link>/thomas-dullin-laureat-de-la-bourse-jean-baptiste-dumas-de-rtl/</link>
		
		<dc:creator><![CDATA[Laurent Bigot]]></dc:creator>
		<pubDate>Fri, 05 Apr 2019 14:11:03 +0000</pubDate>
				<category><![CDATA[Notre actualité]]></category>
		<category><![CDATA[Dullin]]></category>
		<category><![CDATA[Dumas]]></category>
		<category><![CDATA[EPJT]]></category>
		<category><![CDATA[RTL]]></category>
		<guid isPermaLink="false">/?p=10997</guid>

					<description><![CDATA[<div><img width="300" height="162" src="/wp-content/uploads/2019/04/Dumas-300x162.jpg" class="attachment-medium size-medium wp-post-image" alt="" style="margin-bottom: 15px;" decoding="async" loading="lazy" srcset="/wp-content/uploads/2019/04/Dumas-300x162.jpg 300w, /wp-content/uploads/2019/04/Dumas-1024x552.jpg 1024w, /wp-content/uploads/2019/04/Dumas-1080x582.jpg 1080w, /wp-content/uploads/2019/04/Dumas.jpg 1200w" sizes="(max-width: 300px) 100vw, 300px" /></div>Thomas Dullin, étudiant en licence professionnelle spécialité radio à l'EPJT, est le 25e gagnant de la bourse Jean-Baptiste Dumas (RTL).]]></description>
		
		
		
			</item>
		<item>
		<title>L’EPJT plus internationale que jamais</title>
		<link>/lepjt-plus-internationale-que-jamais/</link>
		
		<dc:creator><![CDATA[Laurent Bigot]]></dc:creator>
		<pubDate>Mon, 26 Nov 2018 20:32:43 +0000</pubDate>
				<category><![CDATA[Notre actualité]]></category>
		<category><![CDATA[assises]]></category>
		<category><![CDATA[Beyrouth]]></category>
		<category><![CDATA[Bruxelles]]></category>
		<category><![CDATA[Comores]]></category>
		<category><![CDATA[EPJT]]></category>
		<category><![CDATA[IPSI]]></category>
		<category><![CDATA[journalisme]]></category>
		<category><![CDATA[Madagascar]]></category>
		<category><![CDATA[marrakech]]></category>
		<category><![CDATA[Tunis]]></category>
		<category><![CDATA[USEK]]></category>
		<guid isPermaLink="false">/?p=10950</guid>

					<description><![CDATA[<div><img width="300" height="179" src="/wp-content/uploads/2018/11/tunis1.jpg-300x179.jpg" class="attachment-medium size-medium wp-post-image" alt="" style="margin-bottom: 15px;" decoding="async" loading="lazy" srcset="/wp-content/uploads/2018/11/tunis1.jpg-300x179.jpg 300w, /wp-content/uploads/2018/11/tunis1.jpg.jpg 650w" sizes="(max-width: 300px) 100vw, 300px" /></div>&#160; L’École publique de journalisme de Tours a participé, en novembre 2018, à deux projets internationaux propices au développement de nouvelles collaborations et de nouveaux partenariats avec des écoles du bassin méditerranéen : les Assises internationales du journalisme de Tunis et un séminaire d’enseignement des écritures multimédias à Beyrouth. Habitués à couvrir chaque année les [&#8230;]]]></description>
		
		
		
			</item>
		<item>
		<title>Au tour de Kaléidoscope de faire sa rentrée sur RCF</title>
		<link>/au-tour-de-kaleidoscope-de-faire-sa-rentree-sur-rcf/</link>
		
		<dc:creator><![CDATA[Laurent Bigot]]></dc:creator>
		<pubDate>Fri, 26 Oct 2018 08:24:49 +0000</pubDate>
				<category><![CDATA[Les productions]]></category>
		<category><![CDATA[Notre actualité]]></category>
		<category><![CDATA[cinéma]]></category>
		<category><![CDATA[EPJT]]></category>
		<category><![CDATA[kaléidoscope]]></category>
		<category><![CDATA[rcf]]></category>
		<category><![CDATA[tours]]></category>
		<guid isPermaLink="false">/?p=10924</guid>

					<description><![CDATA[<div><img width="300" height="284" src="/wp-content/uploads/2018/10/KALEI-COLOR-1024x969-300x284.jpg" class="attachment-medium size-medium wp-post-image" alt="" style="margin-bottom: 15px;" decoding="async" loading="lazy" srcset="/wp-content/uploads/2018/10/KALEI-COLOR-1024x969-300x284.jpg 300w, /wp-content/uploads/2018/10/KALEI-COLOR-1024x969.jpg 1024w" sizes="(max-width: 300px) 100vw, 300px" /></div>Une émission mensuelle de 45 minutes pour raconter ce qui se passe sur nos territoires d'Indre-et-Loire : c'est l'ambition de Kaléidoscope, sur RCF. L'émission, faite par les étudiants de licence pro, spécialisation radio, les derniers mardis du mois, a fait sa rentrée le 23 octobre.]]></description>
		
		
		
			</item>
		<item>
		<title>Aller-Retour a fait sa rentrée sur les ondes</title>
		<link>/aller-retour-a-fait-sa-rentree-sur-les-ondes/</link>
		
		<dc:creator><![CDATA[Laurent Bigot]]></dc:creator>
		<pubDate>Thu, 04 Oct 2018 06:12:09 +0000</pubDate>
				<category><![CDATA[Les productions]]></category>
		<category><![CDATA[Notre actualité]]></category>
		<category><![CDATA[aller-retour]]></category>
		<category><![CDATA[basilique]]></category>
		<category><![CDATA[EPJT]]></category>
		<category><![CDATA[rcf]]></category>
		<category><![CDATA[saint-martin]]></category>
		<category><![CDATA[tours]]></category>
		<guid isPermaLink="false">/?p=10916</guid>

					<description><![CDATA[<div><img width="300" height="169" src="/wp-content/uploads/2018/10/photo_equipe_ok-300x169.jpg" class="attachment-medium size-medium wp-post-image" alt="" style="margin-bottom: 15px;" decoding="async" loading="lazy" srcset="/wp-content/uploads/2018/10/photo_equipe_ok-300x169.jpg 300w, /wp-content/uploads/2018/10/photo_equipe_ok.jpg 650w" sizes="(max-width: 300px) 100vw, 300px" /></div>L'émission Aller-Retour continue cette année sur les ondes de RCF, chaque premier mardi du mois. Premier arrêt de la nouvelle rédaction des étudiants en licence radio : la basilique Saint-Martin de Tours.]]></description>
		
		
		
			</item>
		<item>
		<title>Master : la liste des admis</title>
		<link>/master-la-liste-des-admis/</link>
		
		<dc:creator><![CDATA[Laurent Bigot]]></dc:creator>
		<pubDate>Mon, 25 Jun 2018 17:49:50 +0000</pubDate>
				<category><![CDATA[Notre actualité]]></category>
		<category><![CDATA[2018]]></category>
		<category><![CDATA[admis]]></category>
		<category><![CDATA[EPJT]]></category>
		<category><![CDATA[IUT]]></category>
		<category><![CDATA[journalisme]]></category>
		<category><![CDATA[master]]></category>
		<category><![CDATA[université de Tours]]></category>
		<guid isPermaLink="false">/?p=10905</guid>

					<description><![CDATA[<div><img width="300" height="300" src="/wp-content/uploads/2015/03/Logo_EPJT_COUL_site-300x300.jpg" class="attachment-medium size-medium wp-post-image" alt="" style="margin-bottom: 15px;" decoding="async" loading="lazy" srcset="/wp-content/uploads/2015/03/Logo_EPJT_COUL_site-e1528750137147.jpg 300w, /wp-content/uploads/2015/03/Logo_EPJT_COUL_site-150x150.jpg 150w, /wp-content/uploads/2015/03/Logo_EPJT_COUL_site-55x55.jpg 55w, /wp-content/uploads/2015/03/Logo_EPJT_COUL_site-135x135.jpg 135w" sizes="(max-width: 300px) 100vw, 300px" /></div>Les résultats font apparaître les candidat(e)s reçu(e)s sur liste principale, par ordre alphabétique, et ceux/celles sur liste complémentaire, par rang.]]></description>
		
		
		
			</item>
		<item>
		<title>Bourses nationales : les étudiants de l&#8217;EPJT à tout prix</title>
		<link>/bourses-nationales-les-etudiants-de-lepjt-a-tout-prix/</link>
		
		<dc:creator><![CDATA[Laurent Bigot]]></dc:creator>
		<pubDate>Mon, 11 Jun 2018 21:19:59 +0000</pubDate>
				<category><![CDATA[Notre actualité]]></category>
		<category><![CDATA[AJIS]]></category>
		<category><![CDATA[BFMTV]]></category>
		<category><![CDATA[bourse]]></category>
		<category><![CDATA[EPJT]]></category>
		<category><![CDATA[France-Télévisions]]></category>
		<category><![CDATA[Jean D'Arcy]]></category>
		<category><![CDATA[JRI]]></category>
		<category><![CDATA[Léna Soudre]]></category>
		<category><![CDATA[marc van moere]]></category>
		<category><![CDATA[Maxime Taldir]]></category>
		<category><![CDATA[Philippine David]]></category>
		<category><![CDATA[rmc]]></category>
		<category><![CDATA[Simon Bolle]]></category>
		<category><![CDATA[sports]]></category>
		<category><![CDATA[tours]]></category>
		<guid isPermaLink="false">/?p=10866</guid>

					<description><![CDATA[<div><img width="300" height="169" src="/wp-content/uploads/2018/06/lena_darcy-300x169.jpg" class="attachment-medium size-medium wp-post-image" alt="" style="margin-bottom: 15px;" decoding="async" loading="lazy" srcset="/wp-content/uploads/2018/06/lena_darcy-300x169.jpg 300w, /wp-content/uploads/2018/06/lena_darcy.jpg 640w" sizes="(max-width: 300px) 100vw, 300px" /></div>France Télévisions, BFMTV, AJIS (Association des journalistes de l'information sociale) et RMC : plusieurs grands médias nationaux ont récompensé, cette année encore, des étudiants de l'EPJT.]]></description>
		
		
		
			</item>
		<item>
		<title>Licence pro : la liste des admis pour 2018</title>
		<link>/licence-pro-la-liste-des-admis-pour-2018/</link>
		
		<dc:creator><![CDATA[Laurent Bigot]]></dc:creator>
		<pubDate>Mon, 11 Jun 2018 20:45:11 +0000</pubDate>
				<category><![CDATA[Notre actualité]]></category>
		<guid isPermaLink="false">/?p=10880</guid>

					<description><![CDATA[<div><img width="300" height="300" src="/wp-content/uploads/2015/03/Logo_EPJT_COUL_site-300x300.jpg" class="attachment-medium size-medium wp-post-image" alt="" style="margin-bottom: 15px;" decoding="async" loading="lazy" srcset="/wp-content/uploads/2015/03/Logo_EPJT_COUL_site-e1528750137147.jpg 300w, /wp-content/uploads/2015/03/Logo_EPJT_COUL_site-150x150.jpg 150w, /wp-content/uploads/2015/03/Logo_EPJT_COUL_site-55x55.jpg 55w, /wp-content/uploads/2015/03/Logo_EPJT_COUL_site-135x135.jpg 135w" sizes="(max-width: 300px) 100vw, 300px" /></div>Les résultats, répartis par spécialité pour la LP Journalisme 2018-2019, font apparaître les candidat(e)s reçu(e)s sur liste principale et ceux/celles sur liste complémentaire.]]></description>
		
		
		
			</item>
		<item>
		<title>Chaînes d&#8217;info en continu : « Sortir de nos bulles géographique et sociologique »</title>
		<link>/chaines-dinfo-en-continue-sortir-de-nos-bulles-geographique-et-sociologique/</link>
		
		<dc:creator><![CDATA[Laurent Bigot]]></dc:creator>
		<pubDate>Mon, 18 Dec 2017 01:16:52 +0000</pubDate>
				<category><![CDATA[Notre actualité]]></category>
		<category><![CDATA[conférences]]></category>
		<category><![CDATA[EPJT]]></category>
		<category><![CDATA[Julien Garrel]]></category>
		<category><![CDATA[Julien Pain]]></category>
		<category><![CDATA[Laurent Drezner]]></category>
		<guid isPermaLink="false">http://localhost/?p=10641</guid>

					<description><![CDATA[<div><img width="300" height="156" src="/wp-content/uploads/2017/12/info_continue-1-300x156.jpg" class="attachment-medium size-medium wp-post-image" alt="" style="margin-bottom: 15px;" decoding="async" loading="lazy" srcset="/wp-content/uploads/2017/12/info_continue-1-300x156.jpg 300w, /wp-content/uploads/2017/12/info_continue-1.jpg 550w" sizes="(max-width: 300px) 100vw, 300px" /></div>Jeudi 30 novembre, on a parlé chaînes d’infos en continu à l’EPJT, avec Laurent Drezner, de BFM TV, Julien Pain, de France Info, et Julien Garrel, de Cnews et LCI.]]></description>
		
		
		
			</item>
		<item>
		<title>Factoscope 2017 prix Newstorm de France Info</title>
		<link>/factoscope-2017-prix-newstorm-de-france-info/</link>
		
		<dc:creator><![CDATA[Laurent Bigot]]></dc:creator>
		<pubDate>Sat, 16 Dec 2017 13:10:13 +0000</pubDate>
				<category><![CDATA[Notre actualité]]></category>
		<category><![CDATA[certificat]]></category>
		<category><![CDATA[EPJT]]></category>
		<category><![CDATA[excellence]]></category>
		<category><![CDATA[fact-checking]]></category>
		<category><![CDATA[Factoscope]]></category>
		<category><![CDATA[France Info]]></category>
		<category><![CDATA[innovation]]></category>
		<category><![CDATA[JIPES]]></category>
		<category><![CDATA[Newstorm]]></category>
		<category><![CDATA[pédagogie]]></category>
		<category><![CDATA[PEPS]]></category>
		<category><![CDATA[Vidal]]></category>
		<guid isPermaLink="false">http://localhost/?p=10638</guid>

					<description><![CDATA[<div><img width="300" height="225" src="/wp-content/uploads/2017/12/newstorm-300x225.jpg" class="attachment-medium size-medium wp-post-image" alt="" style="margin-bottom: 15px;" decoding="async" loading="lazy" srcset="/wp-content/uploads/2017/12/newstorm-300x225.jpg 300w, /wp-content/uploads/2017/12/newstorm-510x382.jpg 510w, /wp-content/uploads/2017/12/newstorm.jpg 960w" sizes="(max-width: 300px) 100vw, 300px" /></div>Factoscope 2017 n'en finit plus d'être récompensé. Jeudi 14 décembre 2017, il a décroché la mention étudiante du Prix Newstorm 2017, créé par France Info, prix qui lui a été remis à l'occasion de la deuxième édition de l'événement Newstorm, consacré à l'innovation dans les médias.]]></description>
		
		
		
			</item>
		<item>
		<title>« Un lanceur d&#8217;alerte doit être désintéressé »</title>
		<link>/un-lanceur-dalerte-doit-etre-desinteresse/</link>
		
		<dc:creator><![CDATA[Laurent Bigot]]></dc:creator>
		<pubDate>Mon, 27 Nov 2017 09:14:55 +0000</pubDate>
				<category><![CDATA[Notre actualité]]></category>
		<category><![CDATA[conférence]]></category>
		<category><![CDATA[EPJT]]></category>
		<category><![CDATA[Fabrice Arfi]]></category>
		<category><![CDATA[sources]]></category>
		<category><![CDATA[Stéphanie Zacks]]></category>
		<guid isPermaLink="false">/?p=10313</guid>

					<description><![CDATA[<div><img width="300" height="169" src="/wp-content/uploads/2017/11/Sources2-300x169.jpg" class="attachment-medium size-medium wp-post-image" alt="" style="margin-bottom: 15px;" decoding="async" loading="lazy" srcset="/wp-content/uploads/2017/11/Sources2-300x169.jpg 300w, /wp-content/uploads/2017/11/Sources2-98x55.jpg 98w, /wp-content/uploads/2017/11/Sources2.jpg 550w" sizes="(max-width: 300px) 100vw, 300px" /></div>Comment être certain que nos sources seront bien protégées ? Comment arriver à les persuader qu'elles peuvent nous faire confiance ? Des réponses avec Fabrice Arfi, responsable du pôle enquête de Mediapart, et Stéphanie Zacks, avocate spécialisée dans le droit de la presse, lors d'une conférence organisée le 26 octobre 2017 à l'EPJT.]]></description>
		
		
		
			</item>
		<item>
		<title>Un master de journalisme à la rentrée 2018</title>
		<link>/un-master-de-journalisme-a-la-rentree-2018/</link>
		
		<dc:creator><![CDATA[Laurent Bigot]]></dc:creator>
		<pubDate>Sun, 12 Nov 2017 17:46:12 +0000</pubDate>
				<category><![CDATA[Notre actualité]]></category>
		<category><![CDATA[2018]]></category>
		<category><![CDATA[concours]]></category>
		<category><![CDATA[diplômes]]></category>
		<category><![CDATA[école reconnue]]></category>
		<category><![CDATA[EPJT]]></category>
		<category><![CDATA[formation]]></category>
		<category><![CDATA[journalisme]]></category>
		<category><![CDATA[master]]></category>
		<category><![CDATA[tours]]></category>
		<guid isPermaLink="false">/?p=10269</guid>

					<description><![CDATA[<div><img width="300" height="199" src="/wp-content/uploads/2014/09/DAV9806-300x199.jpg" class="attachment-medium size-medium wp-post-image" alt="" style="margin-bottom: 15px;" decoding="async" loading="lazy" srcset="/wp-content/uploads/2014/09/DAV9806-300x199.jpg 300w, /wp-content/uploads/2014/09/DAV9806-82x55.jpg 82w, /wp-content/uploads/2014/09/DAV9806-75x50.jpg 75w, /wp-content/uploads/2014/09/DAV9806.jpg 500w" sizes="(max-width: 300px) 100vw, 300px" /></div>L’École publique de journalisme de Tours fêtera, en 2018, les 50 ans de la formation tourangelle au journalisme. C’est aussi l’année au cours de laquelle elle ouvrira, en septembre, un master de journalisme (niveau bac+5) en lieu et place du DUT (bac+2) et de la licence professionnelle (bac+3).]]></description>
		
		
		
			</item>
		<item>
		<title>« Tout le monde est fragile face aux fake news »</title>
		<link>/tout-le-monde-est-fragile-face-aux-fake-news/</link>
		
		<dc:creator><![CDATA[Laurent Bigot]]></dc:creator>
		<pubDate>Thu, 26 Oct 2017 05:38:02 +0000</pubDate>
				<category><![CDATA[Notre actualité]]></category>
		<category><![CDATA[Bartlett]]></category>
		<category><![CDATA[conférence]]></category>
		<category><![CDATA[éducation aux médias]]></category>
		<category><![CDATA[EMI]]></category>
		<category><![CDATA[EPJT]]></category>
		<category><![CDATA[Gallegos]]></category>
		<category><![CDATA[Oger]]></category>
		<guid isPermaLink="false">/?p=10248</guid>

					<description><![CDATA[<div><img width="300" height="146" src="/wp-content/uploads/2017/10/EMI-300x146.jpg" class="attachment-medium size-medium wp-post-image" alt="" style="margin-bottom: 15px;" decoding="async" loading="lazy" srcset="/wp-content/uploads/2017/10/EMI-300x146.jpg 300w, /wp-content/uploads/2017/10/EMI-113x55.jpg 113w, /wp-content/uploads/2017/10/EMI.jpg 650w" sizes="(max-width: 300px) 100vw, 300px" /></div>De septembre 2017 à février 2018, l’EPJT organise des conférences, ouvertes au public. Pour commencer le cycle, c’est la question de l’éducation aux médias et à l’information (EMI) qui a été soulevée.]]></description>
		
		
		
			</item>
		<item>
		<title>Eurêka ! L’EPJT aux Rendez-Vous de l’Histoire 2017</title>
		<link>/eureka-lepjt-aux-rendez-vous-de-lhistoire-2017/</link>
		
		<dc:creator><![CDATA[Laurent Bigot]]></dc:creator>
		<pubDate>Fri, 13 Oct 2017 13:53:57 +0000</pubDate>
				<category><![CDATA[Notre actualité]]></category>
		<category><![CDATA[à quoi sert la science]]></category>
		<category><![CDATA[Ahmet Insel]]></category>
		<category><![CDATA[archéologie]]></category>
		<category><![CDATA[astronomie]]></category>
		<category><![CDATA[avancées technologiques]]></category>
		<category><![CDATA[blois]]></category>
		<category><![CDATA[Cédric Villani]]></category>
		<category><![CDATA[Claudie Haigneré]]></category>
		<category><![CDATA[controverses scientifiques]]></category>
		<category><![CDATA[Denis Sergent]]></category>
		<category><![CDATA[Didier Roux]]></category>
		<category><![CDATA[distillateur]]></category>
		<category><![CDATA[enjeux de la connaissance]]></category>
		<category><![CDATA[Faouzia Charfi]]></category>
		<category><![CDATA[fouilles]]></category>
		<category><![CDATA[Francis Chevrier]]></category>
		<category><![CDATA[Frankenstein Junior]]></category>
		<category><![CDATA[geocaching]]></category>
		<category><![CDATA[Halle aux grains]]></category>
		<category><![CDATA[Hélène Virenque]]></category>
		<category><![CDATA[interview]]></category>
		<category><![CDATA[Jamy Gourmaud]]></category>
		<category><![CDATA[Jean Birnbaum.]]></category>
		<category><![CDATA[Jean-Marc Berlière]]></category>
		<category><![CDATA[Jean-Noël Jeanneney]]></category>
		<category><![CDATA[Johann Chapoutot]]></category>
		<category><![CDATA[Kamel Daoud]]></category>
		<category><![CDATA[Mel Brooks]]></category>
		<category><![CDATA[Michel Cotte]]></category>
		<category><![CDATA[Olivier Guez]]></category>
		<category><![CDATA[Olivier Royer]]></category>
		<category><![CDATA[Philippe Blanchard]]></category>
		<category><![CDATA[Pierre-Henri Gouyon]]></category>
		<category><![CDATA[polémique transgenres]]></category>
		<category><![CDATA[RDVH]]></category>
		<category><![CDATA[Rendez-Vous de l’Histoire]]></category>
		<category><![CDATA[RVH2017]]></category>
		<category><![CDATA[Scicos]]></category>
		<category><![CDATA[vaccins]]></category>
		<category><![CDATA[Youtubeur]]></category>
		<guid isPermaLink="false">/?p=10236</guid>

					<description><![CDATA[<div><img width="300" height="168" src="/wp-content/uploads/2017/10/rdv-300x168.jpg" class="attachment-medium size-medium wp-post-image" alt="" style="margin-bottom: 15px;" decoding="async" loading="lazy" srcset="/wp-content/uploads/2017/10/rdv-300x168.jpg 300w, /wp-content/uploads/2017/10/rdv-98x55.jpg 98w, /wp-content/uploads/2017/10/rdv.jpg 857w" sizes="(max-width: 300px) 100vw, 300px" /></div>Les étudiants de Licence Pro Journalisme, spécialité télévision, étaient présents à Blois, début octobre 2017, pour couvrir les Rendez-Vous de l’Histoire. La thématique de cette année, « Eurêka », abordait par de multiples entrées les inventions, découvertes et innovations dans l’Histoire.]]></description>
		
		
		
			</item>
		<item>
		<title>Conférence de rentrée : les enjeux de l&#8217;éducation aux médias</title>
		<link>/conference-de-rentree-les-enjeux-de-leducation-aux-medias/</link>
		
		<dc:creator><![CDATA[Laurent Bigot]]></dc:creator>
		<pubDate>Sat, 23 Sep 2017 07:42:54 +0000</pubDate>
				<category><![CDATA[Notre actualité]]></category>
		<guid isPermaLink="false">/?p=10217</guid>

					<description><![CDATA[<div><img width="300" height="199" src="/wp-content/uploads/2016/09/Débats-de-lEPJT-Ariane-Chemin-1-300x199.jpg" class="attachment-medium size-medium wp-post-image" alt="" style="margin-bottom: 15px;" decoding="async" loading="lazy" srcset="/wp-content/uploads/2016/09/Débats-de-lEPJT-Ariane-Chemin-1-300x199.jpg 300w, /wp-content/uploads/2016/09/Débats-de-lEPJT-Ariane-Chemin-1-1024x681.jpg 1024w, /wp-content/uploads/2016/09/Débats-de-lEPJT-Ariane-Chemin-1-83x55.jpg 83w, /wp-content/uploads/2016/09/Débats-de-lEPJT-Ariane-Chemin-1-75x50.jpg 75w, /wp-content/uploads/2016/09/Débats-de-lEPJT-Ariane-Chemin-1-1250x831.jpg 1250w, /wp-content/uploads/2016/09/Débats-de-lEPJT-Ariane-Chemin-1-400x266.jpg 400w, /wp-content/uploads/2016/09/Débats-de-lEPJT-Ariane-Chemin-1-e1506152398124.jpg 550w" sizes="(max-width: 300px) 100vw, 300px" /></div>Le 28 septembre 2017, l’EPJT organise, comme chaque année, sa conférence de rentrée, première invitation à un cycle de conférences qui rassemblera quasiment une vingtaine d’invités-experts du monde des médias, jusqu'en février 2018. Toutes sont ouvertes gratuitement au public.]]></description>
		
		
		
			</item>
		<item>
		<title>Factoscope 2017 : prix de l&#8217;excellence pédagogique</title>
		<link>/factoscope-2017-prix-de-lexcellence-pedagogique/</link>
		
		<dc:creator><![CDATA[Laurent Bigot]]></dc:creator>
		<pubDate>Wed, 12 Jul 2017 17:18:48 +0000</pubDate>
				<category><![CDATA[Notre actualité]]></category>
		<category><![CDATA[certificat]]></category>
		<category><![CDATA[EPJT]]></category>
		<category><![CDATA[excellence]]></category>
		<category><![CDATA[fact-checking]]></category>
		<category><![CDATA[Factoscope]]></category>
		<category><![CDATA[innovation]]></category>
		<category><![CDATA[JIPES]]></category>
		<category><![CDATA[pédagogie]]></category>
		<category><![CDATA[PEPS]]></category>
		<category><![CDATA[Vidal]]></category>
		<guid isPermaLink="false">/?p=9864</guid>

					<description><![CDATA[<div><img width="300" height="169" src="/wp-content/uploads/2017/09/peps-300x169.jpg" class="attachment-medium size-medium wp-post-image" alt="" style="margin-bottom: 15px;" decoding="async" loading="lazy" srcset="/wp-content/uploads/2017/09/peps-300x169.jpg 300w, /wp-content/uploads/2017/09/peps-98x55.jpg 98w, /wp-content/uploads/2017/09/peps.jpg 650w" sizes="(max-width: 300px) 100vw, 300px" /></div>Factoscope 2017, a reçu, mardi 26 septembre, à Paris, un certificat d'excellence dans la catégorie Innovation pédagogique, délivré par le ministère de l'Enseignement supérieur, de la Recherche et de l'Innovation, à l'occasion des Journées nationales de l'Innovation pédagogique dans l'enseignement supérieur (JIPES).]]></description>
		
		
		
			</item>
		<item>
		<title>Chloé Marriault remporte le Prix Charles Gide</title>
		<link>/chloe-marriault-remporte-le-prix-charles-gide/</link>
		
		<dc:creator><![CDATA[Laurent Bigot]]></dc:creator>
		<pubDate>Wed, 28 Jun 2017 18:49:10 +0000</pubDate>
				<category><![CDATA[Notre actualité]]></category>
		<category><![CDATA[bourse]]></category>
		<category><![CDATA[Charles Gide]]></category>
		<category><![CDATA[EPJT]]></category>
		<category><![CDATA[Factoscope]]></category>
		<category><![CDATA[Jean Luthier]]></category>
		<category><![CDATA[journalistes-étudiants]]></category>
		<category><![CDATA[prix]]></category>
		<guid isPermaLink="false">/?p=9848</guid>

					<description><![CDATA[<div><img width="300" height="199" src="/wp-content/uploads/2017/06/EPJT-J1-1-300x199.jpg" class="attachment-medium size-medium wp-post-image" alt="" style="margin-bottom: 15px;" decoding="async" loading="lazy" srcset="/wp-content/uploads/2017/06/EPJT-J1-1-300x199.jpg 300w, /wp-content/uploads/2017/06/EPJT-J1-1-83x55.jpg 83w, /wp-content/uploads/2017/06/EPJT-J1-1-75x50.jpg 75w, /wp-content/uploads/2017/06/EPJT-J1-1.jpg 960w" sizes="(max-width: 300px) 100vw, 300px" /></div>Étudiante en Licence professionnelle Presse écrite-web à l’EPJT, Chloé Marriault remporte, mercredi 28 juin, le Prix Charles Gide 2017 du meilleur reportage d’économie sociale et solidaire. Elle gagne 2500 euros et permet à son école de bénéficier d’une bourse de 3000 euros pour aider un ou plusieurs étudiants à poursuivre leur scolarité. &#160; Chaque année [&#8230;]]]></description>
		
		
		
			</item>
		<item>
		<title>DUT : la liste des admis pour 2017</title>
		<link>/dut-la-liste-des-admis/</link>
		
		<dc:creator><![CDATA[Laurent Bigot]]></dc:creator>
		<pubDate>Thu, 22 Jun 2017 10:00:24 +0000</pubDate>
				<category><![CDATA[Notre actualité]]></category>
		<category><![CDATA[2017]]></category>
		<category><![CDATA[admis]]></category>
		<category><![CDATA[complémentaire]]></category>
		<category><![CDATA[dut]]></category>
		<category><![CDATA[EPJT]]></category>
		<category><![CDATA[journalisme]]></category>
		<category><![CDATA[liste]]></category>
		<category><![CDATA[principale]]></category>
		<category><![CDATA[tours]]></category>
		<guid isPermaLink="false">/?p=2383</guid>

					<description><![CDATA[<div><img width="300" height="300" src="/wp-content/uploads/2014/12/admissions.jpg" class="attachment-medium size-medium wp-post-image" alt="" style="margin-bottom: 15px;" decoding="async" loading="lazy" srcset="/wp-content/uploads/2014/12/admissions.jpg 300w, /wp-content/uploads/2014/12/admissions-150x150.jpg 150w, /wp-content/uploads/2014/12/admissions-54x55.jpg 54w, /wp-content/uploads/2014/12/admissions-135x135.jpg 135w" sizes="(max-width: 300px) 100vw, 300px" /></div>Pour la rentrée 2017, l&#8217;EPJT admet 25 candidats en liste principale et 10 en liste complémentaire pour le DUT. La liste principale est présentée par ordre alphabétique, la liste complémentaire par classement. Chaque candidat (liste principale ET liste complémentaire) a, à partir du 26 juin et jusqu&#8217;au 5 juillet à 12h, pour valider, via e-candidat, son admission. Au-delà, [&#8230;]]]></description>
		
		
		
			</item>
		<item>
		<title>Licence pro : la liste des admis pour 2017</title>
		<link>/licence-pro-la-liste-des-admis/</link>
		
		<dc:creator><![CDATA[Laurent Bigot]]></dc:creator>
		<pubDate>Tue, 13 Jun 2017 13:56:06 +0000</pubDate>
				<category><![CDATA[Notre actualité]]></category>
		<category><![CDATA[2017]]></category>
		<category><![CDATA[admission]]></category>
		<category><![CDATA[alternance]]></category>
		<category><![CDATA[écrite]]></category>
		<category><![CDATA[EPJT]]></category>
		<category><![CDATA[Licence]]></category>
		<category><![CDATA[liste d’attente]]></category>
		<category><![CDATA[multimédia]]></category>
		<category><![CDATA[presse]]></category>
		<category><![CDATA[professionnelle]]></category>
		<category><![CDATA[radio]]></category>
		<category><![CDATA[tv]]></category>
		<guid isPermaLink="false">/?p=5359</guid>

					<description><![CDATA[<div><img width="300" height="199" src="/wp-content/uploads/2014/01/DAV9858-300x199.jpg" class="attachment-medium size-medium wp-post-image" alt="" style="margin-bottom: 15px;" decoding="async" loading="lazy" srcset="/wp-content/uploads/2014/01/DAV9858-300x199.jpg 300w, /wp-content/uploads/2014/01/DAV9858-82x55.jpg 82w, /wp-content/uploads/2014/01/DAV9858-75x50.jpg 75w, /wp-content/uploads/2014/01/DAV9858.jpg 500w" sizes="(max-width: 300px) 100vw, 300px" /></div>Les résultats suivants, répartis par spécialité pour la LP Journalisme 2017-2018, font apparaître les candidat(e)s reçu(e)s sur liste principale et ceux/celles sur liste complémentaire. DANS TOUS LES CAS, les candidats doivent valider ce résultat sur e-candidat avant le 5 juillet à midi (heure de Paris). Dans le cas contraire, leur place en Licence Professionnelle Journalisme sera annulée. [&#8230;]]]></description>
		
		
		
			</item>
		<item>
		<title>DUT journalisme : la liste des admissibles</title>
		<link>/dut-journalisme-la-liste-des-admissibles/</link>
		
		<dc:creator><![CDATA[Laurent Bigot]]></dc:creator>
		<pubDate>Mon, 08 May 2017 14:34:49 +0000</pubDate>
				<category><![CDATA[Notre actualité]]></category>
		<category><![CDATA[2017]]></category>
		<category><![CDATA[admissibilité]]></category>
		<category><![CDATA[candidat]]></category>
		<category><![CDATA[dut]]></category>
		<category><![CDATA[EPJT]]></category>
		<category><![CDATA[épreuves]]></category>
		<category><![CDATA[tours]]></category>
		<guid isPermaLink="false">/?p=2049</guid>

					<description><![CDATA[<div><img width="300" height="300" src="/wp-content/uploads/2014/12/admissions.jpg" class="attachment-medium size-medium wp-post-image" alt="" style="margin-bottom: 15px;" decoding="async" loading="lazy" srcset="/wp-content/uploads/2014/12/admissions.jpg 300w, /wp-content/uploads/2014/12/admissions-150x150.jpg 150w, /wp-content/uploads/2014/12/admissions-54x55.jpg 54w, /wp-content/uploads/2014/12/admissions-135x135.jpg 135w" sizes="(max-width: 300px) 100vw, 300px" /></div>&#160; Pour la rentrée 2017, l&#8217;EPJT a reçu 540 dossiers de candidature pour le DUT, hors candidatures internationales. Sont admissibles aux épreuves écrites et aux entretiens 140 candidats. Ces épreuves se dérouleront les 6, 7 et 8 juin 2017. Un courrier de convocation va être envoyé à chaque candidat. Les résultats d&#8217;admission seront en ligne à partir du 27 juin sur [&#8230;]]]></description>
		
		
		
			</item>
		<item>
		<title>FactoScope « fact-checke » la présidentielle</title>
		<link>/factoscope-fact-checke-la-presidentielle/</link>
		
		<dc:creator><![CDATA[Laurent Bigot]]></dc:creator>
		<pubDate>Wed, 22 Feb 2017 08:16:31 +0000</pubDate>
				<category><![CDATA[Notre actualité]]></category>
		<category><![CDATA[blog]]></category>
		<category><![CDATA[fact-checking]]></category>
		<category><![CDATA[Le Monde]]></category>
		<category><![CDATA[politique]]></category>
		<category><![CDATA[présidentielle]]></category>
		<category><![CDATA[vérification]]></category>
		<guid isPermaLink="false">/?p=9235</guid>

					<description><![CDATA[<div><img width="300" height="169" src="/wp-content/uploads/2017/02/Capture-300x169.jpg" class="attachment-medium size-medium wp-post-image" alt="" style="margin-bottom: 15px;" decoding="async" loading="lazy" srcset="/wp-content/uploads/2017/02/Capture-300x169.jpg 300w, /wp-content/uploads/2017/02/Capture-1024x576.jpg 1024w, /wp-content/uploads/2017/02/Capture-98x55.jpg 98w, /wp-content/uploads/2017/02/Capture-1250x703.jpg 1250w, /wp-content/uploads/2017/02/Capture-400x225.jpg 400w, /wp-content/uploads/2017/02/Capture-e1496706676803.jpg 1200w" sizes="(max-width: 300px) 100vw, 300px" /></div>A l&#8217;occasion de la campagne pour l’élection présidentielle des 23 avril et 7 mai prochains, l’École publique de journalisme de Tours lance un blog et un site innovant : FactoScope 2017. Ces deux outils de fact-checking politique donnent accès, sous une forme inédite et ergonomique, à l’ensemble des travaux de vérification des propos des candidats réalisés par [&#8230;]]]></description>
		
		
		
			</item>
		<item>
		<title>[ALUMNI] Vincent Bouffartigue soigne ses images</title>
		<link>/bouffartigue-vincent-soigne-ses-images/</link>
		
		<dc:creator><![CDATA[Laurent Bigot]]></dc:creator>
		<pubDate>Tue, 21 Feb 2017 12:41:16 +0000</pubDate>
				<category><![CDATA[Les "alumni"]]></category>
		<category><![CDATA[Notre actualité]]></category>
		<category><![CDATA[Alumni]]></category>
		<category><![CDATA[ASJ]]></category>
		<category><![CDATA[Bouffartigue]]></category>
		<category><![CDATA[France 2]]></category>
		<category><![CDATA[France-Télévisions]]></category>
		<category><![CDATA[JRI]]></category>
		<category><![CDATA[licence professionnelle télévision]]></category>
		<category><![CDATA[télévision]]></category>
		<guid isPermaLink="false">/?p=9299</guid>

					<description><![CDATA[<div><img width="300" height="269" src="/wp-content/uploads/2017/02/VincentBouffartigue-e1487680843380-300x269.jpg" class="attachment-medium size-medium wp-post-image" alt="" style="margin-bottom: 15px;" decoding="async" loading="lazy" srcset="/wp-content/uploads/2017/02/VincentBouffartigue-e1487680843380-300x269.jpg 300w, /wp-content/uploads/2017/02/VincentBouffartigue-e1487680843380-61x55.jpg 61w, /wp-content/uploads/2017/02/VincentBouffartigue-e1487680843380-400x359.jpg 400w, /wp-content/uploads/2017/02/VincentBouffartigue-e1487680843380.jpg 566w" sizes="(max-width: 300px) 100vw, 300px" /></div>Dans le cadre de son cinquantenaire, en 2018, l&#8217;EPJT a choisi de présenter le parcours de plusieurs journalistes formés à Tours, au fil de portraits et d&#8217;interviews réalisés par les étudiants de deuxième année. Vincent Bouffartigue soigne ses images Vincent Bouffartigue est depuis vingt ans journaliste reporter d’images (JRI) pour France 2. Sa passion pour [&#8230;]]]></description>
		
		
		
			</item>
		<item>
		<title>[ALUMNI] Patrick Meney, l’incompris</title>
		<link>/alumni-patrick-meney-lincompris/</link>
		
		<dc:creator><![CDATA[Laurent Bigot]]></dc:creator>
		<pubDate>Mon, 02 Jan 2017 12:58:25 +0000</pubDate>
				<category><![CDATA[Les "alumni"]]></category>
		<category><![CDATA[Notre actualité]]></category>
		<category><![CDATA[Alumni]]></category>
		<category><![CDATA[ancien]]></category>
		<category><![CDATA[anniversaire]]></category>
		<category><![CDATA[cinquantenaire]]></category>
		<category><![CDATA[EPJT]]></category>
		<category><![CDATA[Presse écrite]]></category>
		<category><![CDATA[prix Albert Londres]]></category>
		<category><![CDATA[récompenses]]></category>
		<category><![CDATA[télévision]]></category>
		<guid isPermaLink="false">/?p=8938</guid>

					<description><![CDATA[<div><img width="283" height="189" src="/wp-content/uploads/2017/01/Patrick_Meney_2.jpg" class="attachment-medium size-medium wp-post-image" alt="" style="margin-bottom: 15px;" decoding="async" loading="lazy" srcset="/wp-content/uploads/2017/01/Patrick_Meney_2.jpg 283w, /wp-content/uploads/2017/01/Patrick_Meney_2-82x55.jpg 82w, /wp-content/uploads/2017/01/Patrick_Meney_2-75x50.jpg 75w" sizes="(max-width: 283px) 100vw, 283px" /></div>Dans le cadre de son cinquantenaire, en 2018, l&#8217;EPJT a choisi de présenter le parcours de plusieurs journalistes formés à Tours, au fil de portraits et d&#8217;interviews réalisés par les étudiants de deuxième année. Patrick Meney, l&#8217;incompris Patrick Meney, lauréat du prix Albert Londres pour ses reportages en URSS, est issu de la première promotion [&#8230;]]]></description>
		
		
		
			</item>
		<item>
		<title>Humour et liberté d&#8217;expression : le mariage est possible</title>
		<link>/humour-et-liberte-dexpression-le-mariage-est-possible/</link>
		
		<dc:creator><![CDATA[Laurent Bigot]]></dc:creator>
		<pubDate>Wed, 21 Dec 2016 14:49:12 +0000</pubDate>
				<category><![CDATA[Notre actualité]]></category>
		<guid isPermaLink="false">/?p=8910</guid>

					<description><![CDATA[<div><img width="300" height="300" src="/wp-content/uploads/2016/12/Capture-d’écran-2017-09-01-à-15.36.33-300x300.png" class="attachment-medium size-medium wp-post-image" alt="" style="margin-bottom: 15px;" decoding="async" loading="lazy" srcset="/wp-content/uploads/2016/12/Capture-d’écran-2017-09-01-à-15.36.33-300x300.png 300w, /wp-content/uploads/2016/12/Capture-d’écran-2017-09-01-à-15.36.33-150x150.png 150w, /wp-content/uploads/2016/12/Capture-d’écran-2017-09-01-à-15.36.33-55x55.png 55w, /wp-content/uploads/2016/12/Capture-d’écran-2017-09-01-à-15.36.33-135x135.png 135w, /wp-content/uploads/2016/12/Capture-d’écran-2017-09-01-à-15.36.33.png 444w" sizes="(max-width: 300px) 100vw, 300px" /></div>Mardi 8 novembre 2016, l’EPJT a accueilli Patrick Charaudeau, professeur émérite de l’université Paris XIII et actuellement chercheur au laboratoire Communication et politique du CNRS. Ce spécialiste de l’analyse de discours a proposé, lors d’une conférence d’une heure suivie d’échanges avec les étudiants-journalistes et les enseignants-chercheurs du département information-communication, une réflexion sur le maniement de [&#8230;]]]></description>
		
		
		
			</item>
		<item>
		<title>EPJT &#8211; FACE A LA PRESSE : François Bonneau</title>
		<link>/francois-bonneau-face-a-lepjt/</link>
		
		<dc:creator><![CDATA[Laurent Bigot]]></dc:creator>
		<pubDate>Thu, 01 Dec 2016 09:49:50 +0000</pubDate>
				<category><![CDATA[Notre actualité]]></category>
		<category><![CDATA[club de la presse]]></category>
		<category><![CDATA[Débats de l'EPJT]]></category>
		<category><![CDATA[EPJT]]></category>
		<category><![CDATA[François Bonneau]]></category>
		<category><![CDATA[interview]]></category>
		<category><![CDATA[politique]]></category>
		<category><![CDATA[région]]></category>
		<category><![CDATA[Régionales]]></category>
		<guid isPermaLink="false">/?p=8611</guid>

					<description><![CDATA[<div><img width="300" height="277" src="/wp-content/uploads/2016/11/Bonneau-e1480069036546-300x277.jpg" class="attachment-medium size-medium wp-post-image" alt="" style="margin-bottom: 15px;" decoding="async" loading="lazy" srcset="/wp-content/uploads/2016/11/Bonneau-e1480069036546-300x277.jpg 300w, /wp-content/uploads/2016/11/Bonneau-e1480069036546-1024x947.jpg 1024w, /wp-content/uploads/2016/11/Bonneau-e1480069036546-59x55.jpg 59w, /wp-content/uploads/2016/11/Bonneau-e1480069036546.jpg 1283w" sizes="(max-width: 300px) 100vw, 300px" /></div>Le mercredi 30 novembre, le président du conseil régional Centre-Val de Loire François Bonneau était l&#8217;invité de l&#8217;Ecole publique de journalisme de Tours (EPJT) et du Club de la presse Centre-Val de Loire.  Il a répondu aux questions des journalistes-étudiants de l&#8217;EPJT, au cours d&#8217;un « Face à la presse » inédit.  &#160;]]></description>
		
		
		
			</item>
		<item>
		<title>Nouvelle saison pour Kaléidoscope sur RCF</title>
		<link>/nouvelle-saison-pour-kaleidoscope-sur-rcf/</link>
		
		<dc:creator><![CDATA[Laurent Bigot]]></dc:creator>
		<pubDate>Sat, 05 Nov 2016 05:36:13 +0000</pubDate>
				<category><![CDATA[Les productions]]></category>
		<category><![CDATA[Notre actualité]]></category>
		<category><![CDATA[EPJT]]></category>
		<category><![CDATA[kaléidoscope]]></category>
		<category><![CDATA[LP radio]]></category>
		<category><![CDATA[rcf]]></category>
		<category><![CDATA[tours]]></category>
		<guid isPermaLink="false">/?p=8552</guid>

					<description><![CDATA[<div><img width="300" height="300" src="/wp-content/uploads/2016/11/studio_carre_ok-300x300.jpg" class="attachment-medium size-medium wp-post-image" alt="" style="margin-bottom: 15px;" decoding="async" loading="lazy" srcset="/wp-content/uploads/2016/11/studio_carre_ok-300x300.jpg 300w, /wp-content/uploads/2016/11/studio_carre_ok-150x150.jpg 150w, /wp-content/uploads/2016/11/studio_carre_ok-55x55.jpg 55w, /wp-content/uploads/2016/11/studio_carre_ok-135x135.jpg 135w, /wp-content/uploads/2016/11/studio_carre_ok.jpg 366w" sizes="(max-width: 300px) 100vw, 300px" /></div>Six étudiants de l&#8217;EPJT pour une troisième saison, chaque vendredi matin, à 11h15. Aimie Faconnier, Noémie Lair, Cyrille Ardaud, Tim Buisson, Christophe Magat et Simon Soubieux présentent, sur RCF Touraine, Kaléidoscope dans une version remaniée, plus courte, davantage magazine, mais avec la même ambition que leurs prédécesseurs : raconter, en direct, la région tourangelle. Politique, [&#8230;]]]></description>
		
		
		
			</item>
		<item>
		<title>L&#8217;EPJT aux Rendez-Vous de l’Histoire 2016</title>
		<link>/partir-thematique-riche-pour-les-magazines-tv-aux-rendez-vous-de-lhistoire-2016/</link>
		
		<dc:creator><![CDATA[Laurent Bigot]]></dc:creator>
		<pubDate>Fri, 21 Oct 2016 22:02:47 +0000</pubDate>
				<category><![CDATA[Les productions]]></category>
		<category><![CDATA[Notre actualité]]></category>
		<category><![CDATA[blois]]></category>
		<category><![CDATA[EPJT]]></category>
		<category><![CDATA[histoire]]></category>
		<category><![CDATA[Le Monde]]></category>
		<category><![CDATA[partir]]></category>
		<category><![CDATA[rendez-vous]]></category>
		<guid isPermaLink="false">/?p=8535</guid>

					<description><![CDATA[<div><img width="280" height="280" src="/wp-content/uploads/2016/10/website-logo.jpg" class="attachment-medium size-medium wp-post-image" alt="" style="margin-bottom: 15px;" decoding="async" loading="lazy" srcset="/wp-content/uploads/2016/10/website-logo.jpg 280w, /wp-content/uploads/2016/10/website-logo-150x150.jpg 150w, /wp-content/uploads/2016/10/website-logo-55x55.jpg 55w, /wp-content/uploads/2016/10/website-logo-135x135.jpg 135w" sizes="(max-width: 280px) 100vw, 280px" /></div>En octobre 2016, les étudiants de Licence Pro Journalisme se sont rendus à Blois pour couvrir, comme leurs prédécesseurs, les « Rendez-Vous de l’Histoire » ; la thématique, ouverte et riche, était cette année « Partir ». En spécialité télévision, les deux magazines TV, lancés quelques semaines en amont et finalisés sur place durant l’événement, ont comme chaque [&#8230;]]]></description>
		
		
		
			</item>
		<item>
		<title>Les Rattrapages de l&#8217;actu changent de look</title>
		<link>/rattrapages-actu/</link>
		
		<dc:creator><![CDATA[Laurent Bigot]]></dc:creator>
		<pubDate>Wed, 05 Oct 2016 15:35:21 +0000</pubDate>
				<category><![CDATA[Les productions]]></category>
		<category><![CDATA[Notre actualité]]></category>
		<category><![CDATA[actualité]]></category>
		<category><![CDATA[dut]]></category>
		<category><![CDATA[école]]></category>
		<category><![CDATA[EPJT]]></category>
		<category><![CDATA[lemonde.fr]]></category>
		<category><![CDATA[rattrapages de l'actu]]></category>
		<category><![CDATA[revue de presse]]></category>
		<guid isPermaLink="false">http://testwebepjt2014.epjt.fr/?p=158</guid>

					<description><![CDATA[Nouveau look, mêmes ambitions. Le site des Rattrapages de l&#8217;actu reste fidèle à ce qu&#8217;a créé Alexandre Pouchard, journaliste aux Décodeurs du Monde. Seule aux commandes depuis septembre 2015, l&#8217;EPJT continue de partager avec vous l’actualité de la semaine, prendre le temps de comprendre les événements qui ponctuent le fil de l’info, parfois le secouent, le perturbent, parfois [&#8230;]]]></description>
		
		
		
			</item>
		<item>
		<title>Conférences de rentrée  les 22 et 23 septembre</title>
		<link>/quatre-conferences-de-rentree-100-journalisme/</link>
		
		<dc:creator><![CDATA[Laurent Bigot]]></dc:creator>
		<pubDate>Thu, 15 Sep 2016 17:00:22 +0000</pubDate>
				<category><![CDATA[Notre actualité]]></category>
		<category><![CDATA[Assises du journalisme]]></category>
		<category><![CDATA[conférences de rentrée]]></category>
		<category><![CDATA[fiction]]></category>
		<category><![CDATA[invités]]></category>
		<category><![CDATA[télévision]]></category>
		<guid isPermaLink="false">/?p=8481</guid>

					<description><![CDATA[<div><img width="300" height="199" src="/wp-content/uploads/2016/09/Débats-de-lEPJT-Ariane-Chemin-1-300x199.jpg" class="attachment-medium size-medium wp-post-image" alt="" style="margin-bottom: 15px;" decoding="async" loading="lazy" srcset="/wp-content/uploads/2016/09/Débats-de-lEPJT-Ariane-Chemin-1-300x199.jpg 300w, /wp-content/uploads/2016/09/Débats-de-lEPJT-Ariane-Chemin-1-1024x681.jpg 1024w, /wp-content/uploads/2016/09/Débats-de-lEPJT-Ariane-Chemin-1-83x55.jpg 83w, /wp-content/uploads/2016/09/Débats-de-lEPJT-Ariane-Chemin-1-75x50.jpg 75w, /wp-content/uploads/2016/09/Débats-de-lEPJT-Ariane-Chemin-1-1250x831.jpg 1250w, /wp-content/uploads/2016/09/Débats-de-lEPJT-Ariane-Chemin-1-400x266.jpg 400w, /wp-content/uploads/2016/09/Débats-de-lEPJT-Ariane-Chemin-1-e1506152398124.jpg 550w" sizes="(max-width: 300px) 100vw, 300px" /></div>Les 22 et 23 septembre 2016, l’EPJT organise, comme chaque année, ses Grandes Conférences de Rentrée en partenariat avec le Club de la presse Centre-Val-de-Loire. Ce cycle de conférences, qui rassemble une douzaine d’invités-experts du monde des médias, est ouvert gratuitement au public. &#160; JEUDI 22 et VENDREDI 23 SEPTEMBRE 2016 A l’EPJT &#8211; IUT [&#8230;]]]></description>
		
		
		
			</item>
		<item>
		<title>Les empires aux Rendez-vous de l&#8217;Histoire</title>
		<link>/les-empires-aux-rendez-vous-de-lhistoire/</link>
		
		<dc:creator><![CDATA[Laurent Bigot]]></dc:creator>
		<pubDate>Tue, 19 Jul 2016 07:04:39 +0000</pubDate>
				<category><![CDATA[Les productions]]></category>
		<category><![CDATA[blois]]></category>
		<category><![CDATA[empires]]></category>
		<category><![CDATA[EPJT]]></category>
		<category><![CDATA[histoire]]></category>
		<category><![CDATA[licence professionnelle télévision]]></category>
		<category><![CDATA[rendez-vous]]></category>
		<guid isPermaLink="false">/?p=8164</guid>

					<description><![CDATA[En octobre 2015, comme les années précédentes à la même période, les étudiants de Licence Pro Journalisme ont couvert à Blois les « Rendez-Vous de l’Histoire », en produisant à nouveau deux magazines TV (diffusés au public avant certaines conférences). Le thème de cette année était « Les empires ». Ont travaillé sur ces magazines [&#8230;]]]></description>
		
		
		
			</item>
		<item>
		<title>La bourse Charles Lescaut &#8211; RFI pour Hugo Lanoë</title>
		<link>/hugo-lanoe-laureat-de-la-bourse-charles-lescaut-rfi/</link>
		
		<dc:creator><![CDATA[Laurent Bigot]]></dc:creator>
		<pubDate>Fri, 03 Jun 2016 21:29:50 +0000</pubDate>
				<category><![CDATA[Notre actualité]]></category>
		<category><![CDATA[bourse]]></category>
		<category><![CDATA[Charles Lescaut]]></category>
		<category><![CDATA[EPJT]]></category>
		<category><![CDATA[Hugo]]></category>
		<category><![CDATA[Lanoë]]></category>
		<category><![CDATA[RFI]]></category>
		<guid isPermaLink="false">/?p=8100</guid>

					<description><![CDATA[<div><img width="300" height="300" src="/wp-content/uploads/2016/06/lanoe2-300x300.jpg" class="attachment-medium size-medium wp-post-image" alt="Crédit : RFI / Anthony Ravera" style="margin-bottom: 15px;" decoding="async" loading="lazy" srcset="/wp-content/uploads/2016/06/lanoe2-300x300.jpg 300w, /wp-content/uploads/2016/06/lanoe2-150x150.jpg 150w, /wp-content/uploads/2016/06/lanoe2-55x55.jpg 55w, /wp-content/uploads/2016/06/lanoe2-135x135.jpg 135w, /wp-content/uploads/2016/06/lanoe2-400x400.jpg 400w, /wp-content/uploads/2016/06/lanoe2-200x200.jpg 200w, /wp-content/uploads/2016/06/lanoe2.jpg 500w" sizes="(max-width: 300px) 100vw, 300px" /></div>A 24 ans, Hugo Lanoë, étudiant en licence professionnelle spécialisation radio, a remporté, vendredi 3 juin, la bourse Charles Lescaut de RFI. A la clé : un CDD d&#8217;un an. C&#8217;est la cinquième fois que RFI récompense un étudiant tourangeau depuis la création de cette bourse, en 1997. « Le lauréat s’est distingué par sa [&#8230;]]]></description>
		
		
		
			</item>
		<item>
		<title>Shanel Petit, lauréate de la bourse Lauga-Delmas</title>
		<link>/shanel-petit-laureate-de-la-bourse-lauga-delmas-2016/</link>
		
		<dc:creator><![CDATA[Laurent Bigot]]></dc:creator>
		<pubDate>Fri, 08 Apr 2016 20:53:30 +0000</pubDate>
				<category><![CDATA[Notre actualité]]></category>
		<category><![CDATA[Europe 1]]></category>
		<category><![CDATA[Lauga]]></category>
		<category><![CDATA[petit]]></category>
		<category><![CDATA[radio]]></category>
		<category><![CDATA[Shanel]]></category>
		<guid isPermaLink="false">/?p=6681</guid>

					<description><![CDATA[Shanel Petit, 21 ans, étudiante en licence professionnelle spécialité radio, s&#8217;est vue décerner la bourse Lauga-Delmas 2016, vendredi 8 avril. A la clé : un CDD de six mois à la rédaction d&#8217;Europe 1. Shanel Petit a remporté la bourse Lauga-Delmas 2016, vendredi 8 avril. Au menu de la journée : un reportage sur la [&#8230;]]]></description>
		
		
		
			</item>
		<item>
		<title>Assises du journalisme : nos productions</title>
		<link>/assises-du-journalisme-nos-productions/</link>
		
		<dc:creator><![CDATA[Laurent Bigot]]></dc:creator>
		<pubDate>Sat, 26 Mar 2016 18:23:48 +0000</pubDate>
				<category><![CDATA[Les productions]]></category>
		<category><![CDATA[Notre actualité]]></category>
		<category><![CDATA[Assises du journalisme]]></category>
		<category><![CDATA[enquête]]></category>
		<category><![CDATA[EPJT]]></category>
		<category><![CDATA[interview]]></category>
		<category><![CDATA[journalisme]]></category>
		<category><![CDATA[Journalisme & Citoyenneté]]></category>
		<category><![CDATA[portrait]]></category>
		<category><![CDATA[reportage]]></category>
		<category><![CDATA[vidéo]]></category>
		<guid isPermaLink="false">/?p=6614</guid>

					<description><![CDATA[<div><img width="300" height="200" src="/wp-content/uploads/2016/03/IMG_8443-300x200.jpg" class="attachment-medium size-medium wp-post-image" alt="" style="margin-bottom: 15px;" decoding="async" loading="lazy" srcset="/wp-content/uploads/2016/03/IMG_8443-300x200.jpg 300w, /wp-content/uploads/2016/03/IMG_8443-83x55.jpg 83w, /wp-content/uploads/2016/03/IMG_8443-75x50.jpg 75w, /wp-content/uploads/2016/03/IMG_8443-400x267.jpg 400w, /wp-content/uploads/2016/03/IMG_8443.jpg 648w" sizes="(max-width: 300px) 100vw, 300px" /></div>A l&#8217;occasion des Assises du Journalisme, les 9, 10 et 11 mars 2016, à Tours, les étudiants de l&#8217;École publique de journalisme de Tours ont produit de très nombreux articles et vidéos, faisant de l&#8217;EPJT le principal média de la manifestation. Ce travail, ainsi que le travail de formation de l&#8217;école, ont d&#8217;ailleurs été très [&#8230;]]]></description>
		
		
		
			</item>
		<item>
		<title>L&#8217;EPJT en direct des Assises du Journalisme</title>
		<link>/lepjt-aux-assises-du-journalisme/</link>
		
		<dc:creator><![CDATA[Laurent Bigot]]></dc:creator>
		<pubDate>Sun, 06 Mar 2016 09:45:40 +0000</pubDate>
				<category><![CDATA[Notre actualité]]></category>
		<category><![CDATA[assises]]></category>
		<category><![CDATA[Assises du journalisme]]></category>
		<category><![CDATA[clés de la presse]]></category>
		<category><![CDATA[club de la presse]]></category>
		<category><![CDATA[école de journalisme]]></category>
		<category><![CDATA[IUT]]></category>
		<category><![CDATA[journalisme]]></category>
		<category><![CDATA[média]]></category>
		<category><![CDATA[tours]]></category>
		<category><![CDATA[université]]></category>
		<guid isPermaLink="false">/?p=6434</guid>

					<description><![CDATA[<div><img width="300" height="300" src="/wp-content/uploads/2016/03/LOGO-ADJ-TOURS-HD-300x300.jpg" class="attachment-medium size-medium wp-post-image" alt="" style="margin-bottom: 15px;" decoding="async" loading="lazy" srcset="/wp-content/uploads/2016/03/LOGO-ADJ-TOURS-HD-300x300.jpg 300w, /wp-content/uploads/2016/03/LOGO-ADJ-TOURS-HD-150x150.jpg 150w, /wp-content/uploads/2016/03/LOGO-ADJ-TOURS-HD-768x770.jpg 768w, /wp-content/uploads/2016/03/LOGO-ADJ-TOURS-HD-55x55.jpg 55w, /wp-content/uploads/2016/03/LOGO-ADJ-TOURS-HD-135x135.jpg 135w, /wp-content/uploads/2016/03/LOGO-ADJ-TOURS-HD-400x401.jpg 400w, /wp-content/uploads/2016/03/LOGO-ADJ-TOURS-HD-200x200.jpg 200w, /wp-content/uploads/2016/03/LOGO-ADJ-TOURS-HD.jpg 952w" sizes="(max-width: 300px) 100vw, 300px" /></div>Grâce à des partenariats inédits, l’École publique de journalisme de Tours (EPJT) sera, à l’occasion des Assises Internationales du Journalisme et de l’Information, les 9, 10 et 11 mars 2016, le principal média de la manifestation. Un événement qui suscite depuis plusieurs semaines une forte implication des étudiants-journalistes de l’EPJT, à travers de nombreux projets [&#8230;]]]></description>
		
		
		
			</item>
		<item>
		<title>Les Assises du Journalisme 2016 à Tours</title>
		<link>/en-direct-des-assises-du-journalisme-2016/</link>
		
		<dc:creator><![CDATA[Laurent Bigot]]></dc:creator>
		<pubDate>Thu, 31 Dec 2015 17:30:33 +0000</pubDate>
				<category><![CDATA[Notre actualité]]></category>
		<category><![CDATA[Assises du journalisme]]></category>
		<category><![CDATA[Capitale]]></category>
		<category><![CDATA[International]]></category>
		<category><![CDATA[journalisme]]></category>
		<category><![CDATA[Journalisme & Citoyenneté]]></category>
		<category><![CDATA[tours]]></category>
		<category><![CDATA[UCP2F]]></category>
		<guid isPermaLink="false">/?p=5421</guid>

					<description><![CDATA[<div><img width="300" height="300" src="/wp-content/uploads/2016/03/LOGO-ADJ-TOURS-HD-300x300.jpg" class="attachment-medium size-medium wp-post-image" alt="" style="margin-bottom: 15px;" decoding="async" loading="lazy" srcset="/wp-content/uploads/2016/03/LOGO-ADJ-TOURS-HD-300x300.jpg 300w, /wp-content/uploads/2016/03/LOGO-ADJ-TOURS-HD-150x150.jpg 150w, /wp-content/uploads/2016/03/LOGO-ADJ-TOURS-HD-768x770.jpg 768w, /wp-content/uploads/2016/03/LOGO-ADJ-TOURS-HD-55x55.jpg 55w, /wp-content/uploads/2016/03/LOGO-ADJ-TOURS-HD-135x135.jpg 135w, /wp-content/uploads/2016/03/LOGO-ADJ-TOURS-HD-400x401.jpg 400w, /wp-content/uploads/2016/03/LOGO-ADJ-TOURS-HD-200x200.jpg 200w, /wp-content/uploads/2016/03/LOGO-ADJ-TOURS-HD.jpg 952w" sizes="(max-width: 300px) 100vw, 300px" /></div>Les Assises Internationales du Journalisme et de l’Information ont lieu à Tours, les 9, 10 et 11 mars 2016. Un événement qui fait de Tours une « capitale » du journalisme et qui suscite une forte implication des étudiants-journalistes de l’EPJT, à travers de nombreux projets pédagogiques et autres initiatives innovantes. &#160; &#160; &#160; Les médias professionnels [&#8230;]]]></description>
		
		
		
			</item>
		<item>
		<title>Régionales : l&#8217;EPJT sur LeMonde.fr</title>
		<link>/blog-regionales-epjt-lemonde/</link>
		
		<dc:creator><![CDATA[Laurent Bigot]]></dc:creator>
		<pubDate>Thu, 03 Dec 2015 14:47:02 +0000</pubDate>
				<category><![CDATA[Les productions]]></category>
		<category><![CDATA[Notre actualité]]></category>
		<category><![CDATA[blog]]></category>
		<category><![CDATA[Bonneau]]></category>
		<category><![CDATA[Campagne]]></category>
		<category><![CDATA[Centre-Val de Loire]]></category>
		<category><![CDATA[EPJT]]></category>
		<category><![CDATA[étudiants]]></category>
		<category><![CDATA[fact-checking]]></category>
		<category><![CDATA[Le Monde]]></category>
		<category><![CDATA[Licence]]></category>
		<category><![CDATA[Presse écrite]]></category>
		<category><![CDATA[Régionales]]></category>
		<guid isPermaLink="false">/?p=5574</guid>

					<description><![CDATA[Les étudiants de Licence professionnelle de l’EPJT animent, entre novembre 2015 et mars 2016, un blog « invité » hébergé par Lemonde.fr : « Centre-Val de Loire 2015 ».  En partenariat avec la rédaction du Monde (Les Décodeurs) et dans le cadre de l&#8217;opération « Les régions en Campagne », ils couvrent l&#8217;actualité des élections régionales et réalisent le fact-checking des promesses [&#8230;]]]></description>
		
		
		
			</item>
		<item>
		<title>Un TMV made in EPJT</title>
		<link>/un-tmv-made-in-epjt/</link>
		
		<dc:creator><![CDATA[Laurent Bigot]]></dc:creator>
		<pubDate>Wed, 02 Dec 2015 14:59:50 +0000</pubDate>
				<category><![CDATA[Les productions]]></category>
		<category><![CDATA[Notre actualité]]></category>
		<category><![CDATA[#EPJTMV]]></category>
		<category><![CDATA[école de journalisme]]></category>
		<category><![CDATA[élections]]></category>
		<category><![CDATA[EPJT]]></category>
		<category><![CDATA[journalistes-étudiants]]></category>
		<category><![CDATA[magazine]]></category>
		<category><![CDATA[médias]]></category>
		<category><![CDATA[publication]]></category>
		<category><![CDATA[tmv]]></category>
		<category><![CDATA[tours]]></category>
		<guid isPermaLink="false">/?p=5916</guid>

					<description><![CDATA[Ce mercredi 2 décembre est sorti un numéro pas tout à fait comme les autres de TMV, l&#8217;hebdo urbain gratuit de Tours. Il a été réalisé à 100% par les étudiants de deuxième année de l&#8217;Ecole publique de journalisme de Tours.  &#160; C&#8217;est une véritable équipe, appelée EPJTMV, qui s&#8217;est mise aux commandes, voilà un [&#8230;]]]></description>
		
		
		
			</item>
		<item>
		<title>Régionales : l&#8217;EPJT sur leJDD.fr</title>
		<link>/campagne-des-regionales-lepjt-sur-le-jdd-fr/</link>
		
		<dc:creator><![CDATA[Laurent Bigot]]></dc:creator>
		<pubDate>Mon, 23 Nov 2015 05:46:15 +0000</pubDate>
				<category><![CDATA[Notre actualité]]></category>
		<category><![CDATA[Agriculture]]></category>
		<category><![CDATA[aides aux agriculteurs]]></category>
		<category><![CDATA[Alain Juppé]]></category>
		<category><![CDATA[argent public]]></category>
		<category><![CDATA[blois]]></category>
		<category><![CDATA[Bruno Le Maire]]></category>
		<category><![CDATA[Centre-Val de Loire]]></category>
		<category><![CDATA[Claude Greff]]></category>
		<category><![CDATA[Debout la France]]></category>
		<category><![CDATA[diversification]]></category>
		<category><![CDATA[EELV Touraine 2e pilier Pac]]></category>
		<category><![CDATA[élections régionales 2015]]></category>
		<category><![CDATA[EPJT]]></category>
		<category><![CDATA[FEADER]]></category>
		<category><![CDATA[François Bonneau]]></category>
		<category><![CDATA[François Fillon]]></category>
		<category><![CDATA[fusion des listes]]></category>
		<category><![CDATA[Guillaume Peltier]]></category>
		<category><![CDATA[lejdd.fr]]></category>
		<category><![CDATA[Les Républicains]]></category>
		<category><![CDATA[Les Verts]]></category>
		<category><![CDATA[Luisant]]></category>
		<category><![CDATA[Marc Fesneau]]></category>
		<category><![CDATA[meetings LR]]></category>
		<category><![CDATA[militants]]></category>
		<category><![CDATA[Nicolas Sarkozy]]></category>
		<category><![CDATA[Olivet]]></category>
		<category><![CDATA[Parti de Gauche]]></category>
		<category><![CDATA[Pascal Foussard]]></category>
		<category><![CDATA[PDR 2014-2020]]></category>
		<category><![CDATA[Philippe Vigier]]></category>
		<category><![CDATA[Plan de développement rural]]></category>
		<category><![CDATA[Saint-Jean-le-Blanc]]></category>
		<category><![CDATA[salle Grenon]]></category>
		<category><![CDATA[subventions européennes]]></category>
		<category><![CDATA[subventions Ryanair]]></category>
		<category><![CDATA[Thierry Braillard]]></category>
		<category><![CDATA[tourisme châteaux de la Loire]]></category>
		<category><![CDATA[Tours Volley]]></category>
		<category><![CDATA[transport aérien]]></category>
		<category><![CDATA[TVB]]></category>
		<category><![CDATA[UDI-LR-MoDem]]></category>
		<category><![CDATA[vidéorégions]]></category>
		<guid isPermaLink="false">/?p=5870</guid>

					<description><![CDATA[<div><img width="282" height="300" src="/wp-content/uploads/2015/08/VidéoRégion-282x300.png" class="attachment-medium size-medium wp-post-image" alt="" style="margin-bottom: 15px;" decoding="async" loading="lazy" srcset="/wp-content/uploads/2015/08/VidéoRégion-282x300.png 282w, /wp-content/uploads/2015/08/VidéoRégion-52x55.png 52w, /wp-content/uploads/2015/08/VidéoRégion.png 874w" sizes="(max-width: 282px) 100vw, 282px" /></div>Comme nous l’annoncions en juillet dernier, et parallèlement à leurs collègues de promotion produisant pour LeMonde.fr, les étudiants en spécialité TV de licence professionnelle journalisme de l’EPJT suivent depuis début novembre la campagne des élections régionales 2015 pour leJDD.fr (version numérique du Journal du Dimanche). À l’issue de cette opération et comme en 2014 où [&#8230;]]]></description>
		
		
		
			</item>
	</channel>
</rss>
