<?xml version="1.0" encoding="UTF-8"?><rss version="2.0"
	xmlns:content="http://purl.org/rss/1.0/modules/content/"
	xmlns:wfw="http://wellformedweb.org/CommentAPI/"
	xmlns:dc="http://purl.org/dc/elements/1.1/"
	xmlns:atom="http://www.w3.org/2005/Atom"
	xmlns:sy="http://purl.org/rss/1.0/modules/syndication/"
	xmlns:slash="http://purl.org/rss/1.0/modules/slash/"
	>

<channel>
	<title>Longs formats 2015-2016 | EPJT</title>
	<atom:link href="/category/nos-longs-formats/longs-formats-2015-2016/feed/" rel="self" type="application/rss+xml" />
	<link>/</link>
	<description>École publique de journalisme de Tours</description>
	<lastBuildDate>Mon, 05 Feb 2024 17:04:11 +0000</lastBuildDate>
	<language>fr-FR</language>
	<sy:updatePeriod>
	hourly	</sy:updatePeriod>
	<sy:updateFrequency>
	1	</sy:updateFrequency>
	<generator>https://wordpress.org/?v=6.4.3</generator>

<image>
	<url>/wp-content/uploads/2017/12/cropped-Plan-de-travail-1@8x-32x32.png</url>
	<title>Longs formats 2015-2016 | EPJT</title>
	<link>/</link>
	<width>32</width>
	<height>32</height>
</image> 
</channel>
</rss>
